"PLANOGRUPO","MUEBLE_ID","TAMAÑO_POST","DIRECCION_LEGO_ID","CHAROLA","Width","Height","X","Y"
"Botanas","GC","5","DI","1","91","1","0","10"
"Botanas","GC","1","DI","1","91","1","0","9"
"Jugos","CF","1","DI","1","55","2.5","0","0"
"Refrescos","CF","3"," DI","1","55","2.5","0","0"
"Refrescos","CF","4.5","DI","1","55","2.5","0","0"
"Refrescos","CF","1"," DI","1","55","2.5","0","0"
"Botanas","GC","7","DI","1","91","1","0","10"
"Jugos","CF","1.5","ID","1","55","2.5","0","0"
"Botanas","GC","4.5","ID","1","91","1","0","97.9"
"Botanas","GC","10","ID","1","91","1","0","10"
"Jugos","GC","1","DI","1","91","3","0","10"
"Botanas","GC","9","ID","1","91","1","0","10"
"Alternativas","CF","1","DI","1","55","2.5","0","0.5"
"Refrescos","CF","4.5"," ID","1","55","2.5","0","0"
"Botanas","GC","3.5","ID","1","91","1","0","97.9"
"Botanas","GC","3","ID","1","91","1","0","10"
"Refrescos","CF","6.5","DI","1","55","2.5","0","0"
"Alternativas","CF","3.5","ID","1","55","2.5","0","98.5"
"Refrescos","CF","1.5","ID","1","55","2.5","0","0"
"Jugos","GC","2","ID","1","91","3","0","10"
"Botanas","GC","10","DI","1","91","1","0","10"
"Alternativas","CF","5","ID","1","55","2.5","0","0.5"
"Alternativas","CF","0.5","ID","1","55","2.5","0","0"
"Refrescos","CF","6.5","ID","1","55","2.5","0","0"
"Alternativas","CF","0.5","DI","1","55","2.5","0","0"
"Jugos","CF","1","ID","1","55","2.5","0","0"
"Alternativas","CF","4","DI","1","55","2.5","0","0.5"
"Refrescos","CF","3.5","ID","1","55","2.5","0","0"
"Refrescos","CF","2.5","ID","1","55","2.5","0","0"
"Jugos","CF","2.5","ID","1","55","2.5","0","39"
"Jugos","GC","0.5","ID","1","91","3","0","10"
"Botanas","GC","3","DI","1","91","1","0","10"
"Botanas","GC","4","ID","1","91","1","0","10"
"Jugos","CF","2","DI","1","55","2.5","0","0"
"Jugos","CF","1.5","DI","1","55","2.5","0","0"
"Alternativas","CF","2.5","ID","1","55","2.5","0","98.5"
"Refrescos","CF","1","ID","1","55","2.5","0","0"
"Alternativas","CF","1.5","ID","1","55","2.5","-1","97"
"Refrescos","CF","3"," ID","1","55","2.5","0","0"
"Alternativas","CF","5","DI","1","55","2.5","0","0.5"
"Refrescos","CF","5"," ID","1","55","2.5","0","0"
"Jugos","CF","0.5","DI","1","55","2.5","0","0"
"Botanas","GC","2.5","DI","1","91","1","0","10"
"Refrescos","CF","3.5","DI","1","55","2.5","0","0"
"Refrescos","CF","5","ID","1","55","2.5","0","0"
"Botanas","GC","8","DI","1","91","1","0","10"
"Alternativas","CF","3","ID","1","55","2.5","0","0"
"Botanas","GC","4.5","DI","1","91","1","0","10"
"Alternativas","CF","4.5","DI","1","55","2.5","0","0"
"Botanas","GC","9","DI","1","91","1","0","10"
"Botanas","GC","1.5","ID","1","91","1","0","97.9"
"Jugos","CF","2","ID","1","55","2.5","0","0"
"Alternativas","CF","2.5","DI","1","55","2.5","0","0"
"Refrescos","CF","2","ID","1","55","2.5","0","0"
"Refrescos","CF","5.5","ID","1","55","2.5","0","0"
"Alternativas","CF","3","DI","1","55","2.5","0","0"
"Alternativas","CF","2","ID","1","55","2.5","0","0.5"
"Refrescos","CF","1.5","DI","1","55","2.5","0","0"
"Alternativas","CF","3.5","DI","1","55","2.5","0","0"
"Refrescos","CF","3","DI","1","55","2.5","0","0"
"Jugos","CF","3","ID","1","55","2.5","0","0"
"Refrescos","CF","2.5","DI","1","55","2.5","0","0"
"Alternativas","CF","4","ID","1","55","2.5","0","0.5"
"Botanas","GC","1","ID","1","91","1","0","9"
"Jugos","CF","3","DI","1","55","2.5","0","0"
"Refrescos","CF","5"," DI","1","55","2.5","0","0"
"Botanas","GC","4","DI","1","91","1","0","10"
"Refrescos","CF","4.5","ID","1","55","2.5","0","0"
"Refrescos","CF","2","DI","1","55","2.5","0","0"
"Alternativas","CF","2","DI","1","55","2.5","0","0.5"
"Refrescos","CF","3","ID","1","55","2.5","0","0"
"Refrescos","CF","1","DI","1","55","2.5","0","0"
"Botanas","GC","8","ID","1","91","1","0","10"
"Jugos","GC","0.5","DI","1","91","3","0","10"
"Botanas","GC","3.5","DI","1","91","1","0","10"
"Botanas","GC","5.5","ID","1","91","1","0","97.9"
"Botanas","GC","6","DI","1","91","1","0","10"
"Botanas","GC","1.5","DI","1","91","1","0","10"
"Botanas","GC","7","ID","1","91","1","0","10"
"Botanas","GC","6","ID","1","91","1","0","10"
"Jugos","CF","0.5","ID","1","55","2.5","0","0"
"Refrescos","CF","3.5"," DI","1","55","2.5","0","0"
"Botanas","GC","5","ID","1","91","1","0","10"
"Jugos","GC","1","ID","1","91","3","0","10"
"Botanas","GC","5.5","DI","1","91","1","0","10"
"Refrescos","CF","3.5"," ID","1","55","2.5","0","0"
"Refrescos","CF","6","ID","1","55","2.5","0","0"
"Botanas","GC","2","ID","1","91","1","0","10"
"Botanas","GC","2","DI","1","91","1","0","10"
"Refrescos","CF","4","DI","1","55","2.5","0","0"
"Jugos","CF","2.5","DI","1","55","2.5","0","31.1"
"Refrescos","CF","4.5"," DI","1","55","2.5","0","0"
"Botanas","GC","2.5","ID","1","91","1","0","97.9"
"Refrescos","CF","1"," ID","1","55","2.5","0","0"
"Alternativas","CF","1","ID","1","55","2.5","0","0.5"
"Jugos","GC","2","DI","1","91","3","0","10"
"Alternativas","CF","1.5","DI","1","55","2.5","0","0.5"
"Refrescos","CF","5","DI","1","55","2.5","0","0"
"Refrescos","CF","5.5","DI","1","55","2.5","0","0"
"Refrescos","CF","6","DI","1","55","2.5","0","0"
"Alternativas","CF","4.5","ID","1","55","2.5","0","98.5"
"Refrescos","CF","4","ID","1","55","2.5","0","0"
"Jugos","CF","2","DI","2","55","2.5","0","39.9"
"Botanas","GC","7","DI","2","91","1","0","36.94"
"Alternativas","CF","2","ID","2","55","2.5","0","32"
"Jugos","GC","1","DI","2","91","3","0","50.5"
"Botanas","GC","4","ID","2","91","1","0","36.94"
"Refrescos","CF","1"," ID","2","55","2.5","0","42"
"Refrescos","CF","5"," ID","2","55","2.5","0","42"
"Botanas","GC","2","ID","2","91","1","0","36.94"
"Refrescos","CF","3.5","DI","2","55","2.5","0","42"
"Alternativas","CF","2.5","ID","2","55","2.5","0","126.5"
"Refrescos","CF","3.5"," ID","2","55","2.5","0","42"
"Refrescos","CF","5","DI","2","55","2.5","0","42"
"Jugos","CF","2.5","ID","2","55","2.5","0","77.8"
"Refrescos","CF","5.5","ID","2","55","2.5","0","42"
"Jugos","CF","3","ID","2","55","2.5","0","38"
"Refrescos","CF","5"," DI","2","55","2.5","0","42"
"Jugos","CF","3","DI","2","55","2.5","0","32.17"
"Refrescos","CF","3.5"," DI","2","55","2.5","0","42"
"Refrescos","CF","6","ID","2","55","2.5","0","42"
"Botanas","GC","5.5","DI","2","91","1","0","36.94"
"Alternativas","CF","1.5","DI","2","55","2.5","0","32"
"Jugos","CF","0.5","ID","2","55","2.5","0","28.6"
"Botanas","GC","3","DI","2","91","1","0","36.94"
"Botanas","GC","1","ID","2","91","1","0","36.94"
"Refrescos","CF","2.5","ID","2","55","2.5","0","42"
"Refrescos","CF","6","DI","2","55","2.5","0","42"
"Alternativas","CF","5","DI","2","55","2.5","0","32"
"Botanas","GC","4.5","ID","2","91","1","0","133.96"
"Refrescos","CF","3","ID","2","55","2.5","0","42"
"Refrescos","CF","4.5"," DI","2","55","2.5","0","42"
"Botanas","GC","2","DI","2","91","1","0","36.94"
"Jugos","CF","1.5","ID","2","55","2.5","0","35.7"
"Botanas","GC","6","DI","2","91","1","0","36.94"
"Jugos","GC","0.5","DI","2","91","3","0","50.5"
"Botanas","GC","10","ID","2","91","1","0","36.94"
"Refrescos","CF","3"," DI","2","55","2.5","0","42"
"Refrescos","CF","1","ID","2","55","2.5","0","42"
"Alternativas","CF","4.5","DI","2","55","2.5","0","32"
"Alternativas","CF","5","ID","2","55","2.5","0","32"
"Refrescos","CF","4","ID","2","55","2.5","0","42"
"Botanas","GC","3.5","DI","2","91","1","0","36.94"
"Jugos","CF","2","ID","2","55","2.5","0","29.83"
"Refrescos","CF","1"," DI","2","55","2.5","0","42"
"Botanas","GC","5","DI","2","91","1","0","36.94"
"Refrescos","CF","4","DI","2","55","2.5","0","42"
"Refrescos","CF","1.5","ID","2","55","2.5","0","42"
"Jugos","CF","1","ID","2","55","2.5","0","29.64"
"Alternativas","CF","1","DI","2","55","2.5","0","35.5"
"Refrescos","CF","5","ID","2","55","2.5","0","42"
"Refrescos","CF","4.5"," ID","2","55","2.5","0","42"
"Alternativas","CF","0.5","DI","2","55","2.5","0","34.5"
"Botanas","GC","7","ID","2","91","1","0","36.94"
"Refrescos","CF","1","DI","2","55","2.5","0","42"
"Botanas","GC","1","DI","2","91","1","0","36.94"
"Refrescos","CF","5.5","DI","2","55","2.5","0","42"
"Botanas","GC","2.5","ID","2","91","1","0","133.96"
"Botanas","GC","8","DI","2","91","1","0","36.94"
"Alternativas","CF","3.5","DI","2","55","2.5","0","32"
"Botanas","GC","6","ID","2","91","1","0","36.94"
"Refrescos","CF","3.5","ID","2","55","2.5","0","42"
"Alternativas","CF","2.5","DI","2","55","2.5","0","35.5"
"Refrescos","CF","2.5","DI","2","55","2.5","0","42"
"Refrescos","CF","4.5","ID","2","55","2.5","0","42"
"Botanas","GC","1.5","ID","2","91","1","0","133.96"
"Alternativas","CF","3","ID","2","55","2.5","0","32"
"Jugos","CF","2.5","DI","2","55","2.5","0","55.6"
"Refrescos","CF","3","DI","2","55","2.5","0","42"
"Botanas","GC","2.5","DI","2","91","1","0","36.94"
"Botanas","GC","5","ID","2","91","1","0","36.94"
"Botanas","GC","9","ID","2","91","1","0","36.94"
"Jugos","GC","0.5","ID","2","91","3","0","50.5"
"Botanas","GC","3.5","ID","2","91","1","0","133.96"
"Botanas","GC","10","DI","2","91","1","0","36.94"
"Jugos","GC","1","ID","2","91","3","0","50.5"
"Botanas","GC","4","DI","2","91","1","0","36.94"
"Alternativas","CF","4","ID","2","55","2.5","0","32"
"Botanas","GC","8","ID","2","91","1","0","36.94"
"Jugos","CF","0.5","DI","2","55","2.5","0","28.6"
"Botanas","GC","4.5","DI","2","91","1","0","36.94"
"Alternativas","CF","3.5","ID","2","55","2.5","0","126.5"
"Alternativas","CF","4.5","ID","2","55","2.5","0","126.5"
"Jugos","CF","1.5","DI","2","55","2.5","0","36.67"
"Refrescos","CF","4.5","DI","2","55","2.5","0","42"
"Refrescos","CF","6.5","DI","2","55","2.5","0","42"
"Jugos","GC","2","ID","2","91","3","0","50.5"
"Botanas","GC","3","ID","2","91","1","0","36.94"
"Jugos","GC","2","DI","2","91","3","0","41"
"Refrescos","CF","3"," ID","2","55","2.5","0","42"
"Refrescos","CF","1.5","DI","2","55","2.5","0","42"
"Alternativas","CF","1","ID","2","55","2.5","0","35.5"
"Refrescos","CF","6.5","ID","2","55","2.5","0","42"
"Botanas","GC","9","DI","2","91","1","0","36.94"
"Botanas","GC","1.5","DI","2","91","1","0","36.94"
"Alternativas","CF","1.5","ID","2","55","2.5","0","123"
"Alternativas","CF","0.5","ID","2","55","2.5","0","34.5"
"Alternativas","CF","2","DI","2","55","2.5","0","32"
"Alternativas","CF","3","DI","2","55","2.5","0","32"
"Alternativas","CF","4","DI","2","55","2.5","0","32"
"Jugos","CF","1","DI","2","55","2.5","0","29.64"
"Botanas","GC","5.5","ID","2","91","1","0","133.96"
"Refrescos","CF","2","DI","2","55","2.5","0","42"
"Refrescos","CF","2","ID","2","55","2.5","0","42"
"Botanas","GC","8","ID","3","91","1","0","64.88"
"Jugos","CF","0.5","DI","3","55","2.5","0","56.4"
"Refrescos","CF","3.5"," DI","3","55","2.5","0","84"
"Botanas","GC","4","DI","3","91","1","0","64.88"
"Jugos","CF","2","ID","3","55","2.5","0","58.65"
"Refrescos","CF","6","DI","3","55","2.5","0","84"
"Botanas","GC","10","ID","3","91","1","0","64.88"
"Alternativas","CF","4","ID","3","55","2.5","0","63.5"
"Botanas","GC","3.5","ID","3","91","1","91","10"
"Botanas","GC","2","DI","3","91","1","0","64.88"
"Alternativas","CF","0.5","ID","3","55","2.5","0","60.4"
"Alternativas","CF","2","ID","3","55","2.5","0","60"
"Alternativas","CF","1","DI","3","55","2.5","0","67"
"Alternativas","CF","4.5","ID","3","55","2.5","0","154.5"
"Refrescos","CF","1","DI","3","55","2.5","0","84"
"Refrescos","CF","5.5","DI","3","55","2.5","0","84"
"Jugos","CF","1","DI","3","55","2.5","0","57.46"
"Botanas","GC","8","DI","3","91","1","0","64.88"
"Alternativas","CF","5","ID","3","55","2.5","0","63.5"
"Jugos","GC","1","DI","3","91","3","0","82"
"Refrescos","CF","1","ID","3","55","2.5","0","84"
"Botanas","GC","3.5","DI","3","91","1","0","64.88"
"Botanas","GC","9","DI","3","91","1","0","64.88"
"Alternativas","CF","4.5","DI","3","55","2.5","0","63.5"
"Refrescos","CF","4","DI","3","55","2.5","0","84"
"Jugos","CF","2.5","DI","3","55","2.5","0","77.8"
"Botanas","GC","5","DI","3","91","1","0","64.88"
"Refrescos","CF","1"," ID","3","55","2.5","0","84"
"Botanas","GC","1","ID","3","91","1","0","64.88"
"Botanas","GC","3","DI","3","91","1","0","64.88"
"Botanas","GC","1.5","DI","3","91","1","0","64.88"
"Jugos","GC","2","ID","3","91","3","0","91"
"Botanas","GC","7","ID","3","91","1","0","64.88"
"Jugos","CF","0.5","ID","3","55","2.5","0","56.4"
"Alternativas","CF","3","DI","3","55","2.5","0","63.5"
"Botanas","GC","3","ID","3","91","1","0","64.88"
"Refrescos","CF","4.5"," DI","3","55","2.5","0","84"
"Refrescos","CF","6","ID","3","55","2.5","0","84"
"Alternativas","CF","2","DI","3","55","2.5","0","63.5"
"Botanas","GC","4.5","DI","3","91","1","0","64.88"
"Refrescos","CF","4.5","ID","3","55","2.5","55","0"
"Refrescos","CF","3.5"," ID","3","55","2.5","55","0"
"Botanas","GC","4","ID","3","91","1","0","64.88"
"Refrescos","CF","4","ID","3","55","2.5","0","84"
"Refrescos","CF","5.5","ID","3","55","2.5","55","0"
"Refrescos","CF","1.5","DI","3","55","2.5","0","84"
"Botanas","GC","7","DI","3","91","1","0","64.88"
"Alternativas","CF","4","DI","3","55","2.5","0","63.5"
"Refrescos","CF","3.5","DI","3","55","2.5","0","84"
"Jugos","CF","3","DI","3","55","2.5","0","62.44"
"Alternativas","CF","3","ID","3","55","2.5","0","63.5"
"Refrescos","CF","2","DI","3","55","2.5","0","84"
"Refrescos","CF","3","ID","3","55","2.5","0","84"
"Jugos","CF","1.5","ID","3","55","2.5","0","56.5"
"Botanas","GC","5.5","ID","3","91","1","91","10"
"Refrescos","CF","4.5","DI","3","55","2.5","0","84"
"Jugos","GC","2","DI","3","91","3","0","72"
"Botanas","GC","5","ID","3","91","1","0","64.88"
"Refrescos","CF","3","DI","3","55","2.5","0","84"
"Refrescos","CF","4.5"," ID","3","55","2.5","55","0"
"Alternativas","CF","2.5","DI","3","55","2.5","0","67"
"Refrescos","CF","5"," ID","3","55","2.5","0","84"
"Botanas","GC","6","ID","3","91","1","0","64.88"
"Botanas","GC","2","ID","3","91","1","0","64.88"
"Refrescos","CF","6.5","DI","3","55","2.5","0","84"
"Jugos","CF","2.5","ID","3","55","2.5","0","111.2"
"Refrescos","CF","5","DI","3","55","2.5","0","84"
"Jugos","CF","3","ID","3","55","2.5","0","66.2"
"Botanas","GC","10","DI","3","91","1","0","64.88"
"Botanas","GC","5.5","DI","3","91","1","0","64.88"
"Refrescos","CF","2.5","ID","3","55","2.5","55","0"
"Alternativas","CF","0.5","DI","3","55","2.5","0","60.4"
"Refrescos","CF","5"," DI","3","55","2.5","0","84"
"Alternativas","CF","2.5","ID","3","55","2.5","0","154.5"
"Alternativas","CF","5","DI","3","55","2.5","0","63.5"
"Jugos","CF","1","ID","3","55","2.5","0","57.46"
"Botanas","GC","2.5","ID","3","91","1","91","10"
"Botanas","GC","1","DI","3","91","1","0","64.88"
"Botanas","GC","2.5","DI","3","91","1","0","64.88"
"Refrescos","CF","3"," ID","3","55","2.5","0","84"
"Alternativas","CF","1","ID","3","55","2.5","0","67"
"Refrescos","CF","2.5","DI","3","55","2.5","0","84"
"Botanas","GC","6","DI","3","91","1","0","64.88"
"Jugos","GC","1","ID","3","91","3","0","82"
"Refrescos","CF","5","ID","3","55","2.5","0","84"
"Refrescos","CF","3.5","ID","3","55","2.5","55","0"
"Alternativas","CF","3.5","DI","3","55","2.5","0","63.5"
"Alternativas","CF","3.5","ID","3","55","2.5","0","154.5"
"Jugos","CF","2","DI","3","55","2.5","0","67.85"
"Botanas","GC","4.5","ID","3","91","1","91","10"
"Jugos","CF","1.5","DI","3","55","2.5","0","68.5"
"Refrescos","CF","3"," DI","3","55","2.5","0","84"
"Refrescos","CF","1"," DI","3","55","2.5","0","84"
"Alternativas","CF","1.5","DI","3","55","2.5","1","63.5"
"Refrescos","CF","2","ID","3","55","2.5","0","84"
"Botanas","GC","1.5","ID","3","91","1","91","10"
"Refrescos","CF","1.5","ID","3","55","2.5","55","0"
"Alternativas","CF","1.5","ID","3","55","2.5","0","151"
"Botanas","GC","9","ID","3","91","1","0","64.88"
"Refrescos","CF","6.5","ID","3","55","2.5","55","0"
"Alternativas","CF","5","ID","4","55","2.5","0","95"
"Botanas","GC","4","ID","4","91","1","0","97.9"
"Refrescos","CF","4.5"," DI","4","55","2.5","0","115.5"
"Refrescos","CF","6","DI","4","55","2.5","0","115.5"
"Botanas","GC","2","DI","4","91","1","0","97.9"
"Refrescos","CF","3.5"," DI","4","55","2.5","0","115.5"
"Refrescos","CF","1.5","DI","4","55","2.5","0","115.5"
"Alternativas","CF","2","ID","4","55","2.5","0","91.5"
"Refrescos","CF","4.5","DI","4","55","2.5","0","115.5"
"Jugos","CF","2.5","DI","4","55","2.5","55","68.1"
"Botanas","GC","5","ID","4","91","1","0","97.9"
"Alternativas","CF","0.5","DI","4","55","2.5","0","82.6"
"Jugos","CF","1","DI","4","55","2.5","0","85.28"
"Refrescos","CF","6.5","DI","4","55","2.5","0","115.5"
"Alternativas","CF","1.5","DI","4","55","2.5","1","95"
"Refrescos","CF","3"," DI","4","55","2.5","0","115.5"
"Refrescos","CF","5"," ID","4","55","2.5","0","115.5"
"Alternativas","CF","1","ID","4","55","2.5","0","91.5"
"Refrescos","CF","5","ID","4","55","2.5","0","115.5"
"Botanas","GC","3","ID","4","91","1","0","97.9"
"Refrescos","CF","5"," DI","4","55","2.5","0","115.5"
"Botanas","GC","8","DI","4","91","1","0","97.9"
"Botanas","GC","2.5","DI","4","91","1","0","97.9"
"Refrescos","CF","6.5","ID","4","55","2.5","55","42"
"Botanas","GC","7","ID","4","91","1","0","97.9"
"Alternativas","CF","2","DI","4","55","2.5","0","95"
"Botanas","GC","1.5","ID","4","91","1","91","36.94"
"Refrescos","CF","6","ID","4","55","2.5","0","115.5"
"Jugos","GC","1","ID","4","91","3","0","107"
"Jugos","CF","1.5","ID","4","55","2.5","0","78.5"
"Botanas","GC","1.5","DI","4","91","1","0","97.9"
"Botanas","GC","5.5","DI","4","91","1","0","97.9"
"Alternativas","CF","1.5","ID","4","55","2.5","0","175.5"
"Refrescos","CF","1","ID","4","55","2.5","0","115.5"
"Alternativas","CF","3","ID","4","55","2.5","0","95"
"Botanas","GC","5.5","ID","4","91","1","91","36.94"
"Refrescos","CF","1"," ID","4","55","2.5","0","115.5"
"Refrescos","CF","2","ID","4","55","2.5","0","115.5"
"Refrescos","CF","4.5","ID","4","55","2.5","55","42"
"Botanas","GC","3","DI","4","91","1","0","97.9"
"Jugos","CF","1.5","DI","4","55","2.5","0","96.18"
"Botanas","GC","2.5","ID","4","91","1","91","36.94"
"Botanas","GC","10","DI","4","91","1","0","97.9"
"Botanas","GC","3.5","ID","4","91","1","91","36.94"
"Jugos","CF","1","ID","4","55","2.5","0","85.28"
"Botanas","GC","10","ID","4","91","1","0","97.9"
"Refrescos","CF","3.5","ID","4","55","2.5","55","42"
"Botanas","GC","4.5","ID","4","91","1","91","36.94"
"Refrescos","CF","1.5","ID","4","55","2.5","55","42"
"Botanas","GC","4.5","DI","4","91","1","0","97.9"
"Botanas","GC","7","DI","4","91","1","0","97.9"
"Alternativas","CF","1","DI","4","55","2.5","0","91.5"
"Jugos","GC","1","DI","4","91","3","0","107"
"Jugos","CF","2","DI","4","55","2.5","0","87.8"
"Botanas","GC","6","ID","4","91","1","0","97.9"
"Botanas","GC","9","DI","4","91","1","0","97.9"
"Alternativas","CF","4.5","DI","4","55","2.5","0","95"
"Jugos","CF","2.5","ID","4","55","2.5","0","140.8"
"Refrescos","CF","4.5"," ID","4","55","2.5","55","42"
"Botanas","GC","1","DI","4","91","1","0","92.82"
"Alternativas","CF","0.5","ID","4","55","2.5","0","82.6"
"Refrescos","CF","2","DI","4","55","2.5","0","115.5"
"Jugos","CF","2","ID","4","55","2.5","0","80.46"
"Alternativas","CF","4.5","ID","4","55","2.5","0","178.5"
"Refrescos","CF","5.5","DI","4","55","2.5","0","115.5"
"Refrescos","CF","3","ID","4","55","2.5","0","115.5"
"Refrescos","CF","3.5","DI","4","55","2.5","0","115.5"
"Alternativas","CF","3.5","DI","4","55","2.5","0","95"
"Botanas","GC","9","ID","4","91","1","0","97.9"
"Alternativas","CF","3","DI","4","55","2.5","0","95"
"Refrescos","CF","1","DI","4","55","2.5","0","115.5"
"Refrescos","CF","4","ID","4","55","2.5","0","115.5"
"Refrescos","CF","3.5"," ID","4","55","2.5","55","42"
"Botanas","GC","6","DI","4","91","1","0","97.9"
"Jugos","GC","2","ID","4","91","3","0","131.5"
"Alternativas","CF","3.5","ID","4","55","2.5","0","178.5"
"Botanas","GC","1","ID","4","91","1","0","92.82"
"Refrescos","CF","1"," DI","4","55","2.5","0","115.5"
"Botanas","GC","8","ID","4","91","1","0","97.9"
"Alternativas","CF","5","DI","4","55","2.5","0","95"
"Refrescos","CF","3","DI","4","55","2.5","0","115.5"
"Alternativas","CF","4","DI","4","55","2.5","0","95"
"Jugos","GC","2","DI","4","91","3","0","103"
"Botanas","GC","2","ID","4","91","1","0","97.9"
"Refrescos","CF","4","DI","4","55","2.5","0","115.5"
"Alternativas","CF","4","ID","4","55","2.5","0","95"
"Alternativas","CF","2.5","DI","4","55","2.5","0","98.5"
"Refrescos","CF","5.5","ID","4","55","2.5","55","42"
"Refrescos","CF","5","DI","4","55","2.5","0","115.5"
"Refrescos","CF","3"," ID","4","55","2.5","0","115.5"
"Jugos","CF","3","ID","4","55","2.5","0","94.4"
"Alternativas","CF","2.5","ID","4","55","2.5","0","175.5"
"Refrescos","CF","2.5","ID","4","55","2.5","55","42"
"Jugos","CF","0.5","DI","4","55","2.5","0","78"
"Jugos","CF","0.5","ID","4","55","2.5","0","78"
"Botanas","GC","5","DI","4","91","1","0","97.9"
"Refrescos","CF","2.5","DI","4","55","2.5","0","115.5"
"Jugos","CF","3","DI","4","55","2.5","0","86.52"
"Botanas","GC","3.5","DI","4","91","1","0","97.9"
"Botanas","GC","4","DI","4","91","1","0","97.9"
"Botanas","GC","3.5","DI","5","91","1","0","133.96"
"Alternativas","CF","1","ID","5","55","2.5","0","119.5"
"Botanas","GC","1.5","DI","5","91","1","0","133.96"
"Jugos","CF","3","DI","5","55","2.5","0","109.08"
"Refrescos","CF","5.5","DI","5","55","2.5","0","147"
"Jugos","CF","2.5","DI","5","55","2.5","55","90.3"
"Alternativas","CF","4","ID","5","55","2.5","0","123"
"Botanas","GC","8","ID","5","91","1","0","133.96"
"Alternativas","CF","4","DI","5","55","2.5","0","123"
"Refrescos","CF","5","ID","5","55","2.5","0","147"
"Alternativas","CF","3","ID","5","55","2.5","0","119.5"
"Alternativas","CF","3.5","ID","5","55","2.5","55","0"
"Botanas","GC","2.5","ID","5","91","1","91","64.88"
"Botanas","GC","6","ID","5","91","1","0","133.96"
"Refrescos","CF","3","DI","5","55","2.5","0","147"
"Refrescos","CF","4.5","ID","5","55","2.5","55","84"
"Refrescos","CF","2","ID","5","55","2.5","0","147"
"Botanas","GC","2.5","DI","5","91","1","0","133.96"
"Botanas","GC","8","DI","5","91","1","0","133.96"
"Refrescos","CF","6.5","DI","5","55","2.5","0","147"
"Refrescos","CF","5"," ID","5","55","2.5","0","147"
"Botanas","GC","7","DI","5","91","1","0","133.96"
"Jugos","CF","1.5","ID","5","55","2.5","55","0"
"Refrescos","CF","1","ID","5","55","2.5","0","147"
"Botanas","GC","5.5","DI","5","91","1","0","133.96"
"Refrescos","CF","1"," ID","5","55","2.5","0","147"
"Botanas","GC","6","DI","5","91","1","0","133.96"
"Refrescos","CF","1"," DI","5","55","2.5","0","147"
"Refrescos","CF","5.5","ID","5","55","2.5","55","84"
"Botanas","GC","1.5","ID","5","91","1","91","64.88"
"Botanas","GC","1","ID","5","91","1","0","123.3"
"Botanas","GC","2","DI","5","91","1","0","133.96"
"Jugos","CF","1","ID","5","55","2.5","0","111.74"
"Alternativas","CF","1.5","DI","5","55","2.5","0","126.5"
"Refrescos","CF","4","ID","5","55","2.5","0","147"
"Botanas","GC","4.5","DI","5","91","1","0","133.96"
"Botanas","GC","5","ID","5","91","1","0","133.96"
"Jugos","CF","2","ID","5","55","2.5","0","103.78"
"Jugos","GC","2","DI","5","91","3","0","134"
"Botanas","GC","4","ID","5","91","1","0","133.96"
"Refrescos","CF","3"," DI","5","55","2.5","0","147"
"Alternativas","CF","2","ID","5","55","2.5","0","119.5"
"Alternativas","CF","2","DI","5","55","2.5","0","123"
"Alternativas","CF","5","DI","5","55","2.5","0","123"
"Jugos","CF","2","DI","5","55","2.5","0","109.57"
"Botanas","GC","5.5","ID","5","91","1","91","64.88"
"Refrescos","CF","4","DI","5","55","2.5","0","147"
"Botanas","GC","10","DI","5","91","1","0","133.96"
"Refrescos","CF","6","ID","5","55","2.5","0","147"
"Alternativas","CF","4.5","DI","5","55","2.5","0","123"
"Botanas","GC","3","DI","5","91","1","0","133.96"
"Jugos","GC","2","ID","5","91","3","91","10"
"Refrescos","CF","2","DI","5","55","2.5","0","147"
"Alternativas","CF","2.5","ID","5","55","2.5","55","0"
"Refrescos","CF","6","DI","5","55","2.5","0","147"
"Botanas","GC","3","ID","5","91","1","0","133.96"
"Alternativas","CF","3.5","DI","5","55","2.5","0","123"
"Botanas","GC","1","DI","5","91","1","0","123.3"
"Refrescos","CF","3","ID","5","55","2.5","0","147"
"Jugos","CF","1","DI","5","55","2.5","0","111.74"
"Botanas","GC","4.5","ID","5","91","1","91","64.88"
"Jugos","CF","2.5","ID","5","55","2.5","0","170.4"
"Jugos","GC","1","ID","5","91","3","0","135"
"Alternativas","CF","3","DI","5","55","2.5","0","123"
"Alternativas","CF","1.5","ID","5","55","2.5","55","0.5"
"Botanas","GC","3.5","ID","5","91","1","91","64.88"
"Botanas","GC","9","DI","5","91","1","0","133.96"
"Refrescos","CF","4.5"," DI","5","55","2.5","0","147"
"Jugos","CF","3","ID","5","55","2.5","0","121.4"
"Refrescos","CF","4.5"," ID","5","55","2.5","55","84"
"Jugos","GC","1","DI","5","91","3","0","135"
"Refrescos","CF","5"," DI","5","55","2.5","0","147"
"Refrescos","CF","3.5","DI","5","55","2.5","0","147"
"Refrescos","CF","1.5","DI","5","55","2.5","0","147"
"Refrescos","CF","1","DI","5","55","2.5","0","147"
"Alternativas","CF","1","DI","5","55","2.5","0","119.5"
"Alternativas","CF","5","ID","5","55","2.5","0","123"
"Refrescos","CF","3.5"," ID","5","55","2.5","55","84"
"Refrescos","CF","1.5","ID","5","55","2.5","55","84"
"Refrescos","CF","6.5","ID","5","55","2.5","55","84"
"Botanas","GC","4","DI","5","91","1","0","133.96"
"Botanas","GC","7","ID","5","91","1","0","133.96"
"Refrescos","CF","3.5","ID","5","55","2.5","55","84"
"Refrescos","CF","2.5","ID","5","55","2.5","55","84"
"Refrescos","CF","3.5"," DI","5","55","2.5","0","147"
"Refrescos","CF","5","DI","5","55","2.5","0","147"
"Refrescos","CF","4.5","DI","5","55","2.5","0","147"
"Botanas","GC","2","ID","5","91","1","0","133.96"
"Botanas","GC","10","ID","5","91","1","0","133.96"
"Alternativas","CF","2.5","DI","5","55","2.5","0","126.5"
"Refrescos","CF","2.5","DI","5","55","2.5","0","147"
"Alternativas","CF","4.5","ID","5","55","2.5","55","0"
"Refrescos","CF","3"," ID","5","55","2.5","0","147"
"Botanas","GC","5","DI","5","91","1","0","133.96"
"Jugos","CF","1.5","DI","5","55","2.5","0","128.01"
"Botanas","GC","9","ID","5","91","1","0","133.96"
"Refrescos","CF","2.5","DI","6","55","2.5","0","175"
"Botanas","GC","7","DI","6","91","1","91","10"
"Jugos","GC","2","DI","6","91","3","91","10"
"Alternativas","CF","4.5","ID","6","55","2.5","55","32"
"Refrescos","CF","6","DI","6","55","2.5","0","175"
"Jugos","CF","2.5","ID","6","55","2.5","55","63"
"Botanas","GC","5","ID","6","91","1","91","10"
"Botanas","GC","3","DI","6","91","1","91","10"
"Alternativas","CF","1.5","ID","6","55","2.5","55","32"
"Jugos","CF","1","DI","6","55","2.5","0","133.56"
"Refrescos","CF","4.5","ID","6","55","2.5","55","115.5"
"Alternativas","CF","4","ID","6","55","2.5","0","147.5"
"Botanas","GC","8","ID","6","91","1","91","10"
"Alternativas","CF","4.5","DI","6","55","2.5","0","147.5"
"Refrescos","CF","1","ID","6","55","2.5","0","175"
"Botanas","GC","1.5","ID","6","91","1","91","97.9"
"Jugos","CF","2.5","DI","6","55","2.5","55","112.5"
"Refrescos","CF","1.5","DI","6","55","2.5","0","175"
"Botanas","GC","4","ID","6","91","1","91","10"
"Refrescos","CF","3.5"," ID","6","55","2.5","55","115.5"
"Alternativas","CF","3.5","DI","6","55","2.5","0","147.5"
"Refrescos","CF","4","DI","6","55","2.5","0","175"
"Alternativas","CF","5","ID","6","55","2.5","0","147.5"
"Alternativas","CF","2","ID","6","55","2.5","0","130"
"Botanas","GC","9","ID","6","91","1","91","10"
"Jugos","CF","3","ID","6","55","2.5","0","149.4"
"Alternativas","CF","4","DI","6","55","2.5","0","147.5"
"Refrescos","CF","3"," DI","6","55","2.5","0","175"
"Refrescos","CF","6","ID","6","55","2.5","0","175"
"Refrescos","CF","5","DI","6","55","2.5","0","175"
"Refrescos","CF","5"," DI","6","55","2.5","0","175"
"Botanas","GC","3.5","ID","6","91","1","91","97.9"
"Botanas","GC","9","DI","6","91","1","91","10"
"Botanas","GC","2","DI","6","91","1","91","10"
"Refrescos","CF","4","ID","6","55","2.5","0","175"
"Jugos","CF","1","ID","6","55","2.5","0","133.56"
"Alternativas","CF","3.5","ID","6","55","2.5","55","25"
"Refrescos","CF","1.5","ID","6","55","2.5","55","115.5"
"Botanas","GC","8","DI","6","91","1","91","10"
"Refrescos","CF","3.5"," DI","6","55","2.5","0","175"
"Refrescos","CF","3.5","ID","6","55","2.5","55","115.5"
"Jugos","CF","3","DI","6","55","2.5","0","134.34"
"Botanas","GC","5.5","ID","6","91","1","91","97.9"
"Refrescos","CF","1"," ID","6","55","2.5","0","175"
"Refrescos","CF","3"," ID","6","55","2.5","0","175"
"Alternativas","CF","1.5","DI","6","55","2.5","0","154.5"
"Refrescos","CF","6.5","DI","6","55","2.5","0","175"
"Botanas","GC","5.5","DI","6","91","1","91","10"
"Alternativas","CF","1","ID","6","55","2.5","0","130"
"Alternativas","CF","2.5","DI","6","55","2.5","0","151"
"Botanas","GC","7","ID","6","91","1","91","10"
"Botanas","GC","6","ID","6","91","1","91","10"
"Jugos","CF","2","ID","6","55","2.5","0","122.69"
"Refrescos","CF","2","DI","6","55","2.5","0","175"
"Refrescos","CF","2.5","ID","6","55","2.5","55","115.5"
"Jugos","CF","1.5","DI","6","55","2.5","0","151.85"
"Jugos","CF","2","DI","6","55","2.5","0","132.52"
"Jugos","GC","2","ID","6","91","3","91","41"
"Botanas","GC","1.5","DI","6","91","1","91","97.9"
"Botanas","GC","4.5","ID","6","91","1","91","97.9"
"Refrescos","CF","5","ID","6","55","2.5","0","175"
"Botanas","GC","6","DI","6","91","1","91","10"
"Refrescos","CF","5.5","DI","6","55","2.5","0","175"
"Refrescos","CF","3.5","DI","6","55","2.5","0","175"
"Refrescos","CF","4.5"," DI","6","55","2.5","0","175"
"Refrescos","CF","5.5","ID","6","55","2.5","55","115.5"
"Botanas","GC","10","ID","6","91","1","91","10"
"Botanas","GC","4","DI","6","91","1","91","10"
"Botanas","GC","4.5","DI","6","91","1","91","10"
"Alternativas","CF","3","ID","6","55","2.5","0","130"
"Alternativas","CF","1","DI","6","55","2.5","0","130"
"Refrescos","CF","4.5","DI","6","55","2.5","0","175"
"Botanas","GC","10","DI","6","91","1","91","10"
"Jugos","CF","1.5","ID","6","55","2.5","55","36.67"
"Alternativas","CF","5","DI","6","55","2.5","0","147.5"
"Refrescos","CF","1"," DI","6","55","2.5","0","175"
"Alternativas","CF","3","DI","6","55","2.5","0","147.5"
"Refrescos","CF","1","DI","6","55","2.5","0","175"
"Botanas","GC","2.5","ID","6","91","1","91","97.9"
"Botanas","GC","3.5","DI","6","91","1","91","10"
"Refrescos","CF","3","ID","6","55","2.5","0","175"
"Alternativas","CF","2","DI","6","55","2.5","0","147.5"
"Refrescos","CF","5"," ID","6","55","2.5","0","175"
"Alternativas","CF","2.5","ID","6","55","2.5","54","35.5"
"Botanas","GC","5","DI","6","91","1","91","10"
"Refrescos","CF","6.5","ID","6","55","2.5","55","115.5"
"Refrescos","CF","2","ID","6","55","2.5","0","175"
"Botanas","GC","2","ID","6","91","1","91","10"
"Botanas","GC","2.5","DI","6","91","1","91","10"
"Refrescos","CF","4.5"," ID","6","55","2.5","55","115.5"
"Botanas","GC","3","ID","6","91","1","91","10"
"Refrescos","CF","3","DI","6","55","2.5","0","175"
"Botanas","GC","8","DI","7","91","1","91","36.94"
"Jugos","CF","2.5","DI","7","55","2.5","55","134.7"
"Refrescos","CF","4.5"," DI","7","55","2.5","55","0"
"Refrescos","CF","3","ID","7","55","2.5","55","0"
"Botanas","GC","6","ID","7","91","1","91","36.94"
"Alternativas","CF","4.5","DI","7","55","2.5","0","175.5"
"Botanas","GC","9","DI","7","91","1","91","36.94"
"Botanas","GC","4","DI","7","91","1","91","36.94"
"Alternativas","CF","3.5","ID","7","55","2.5","55","56.5"
"Refrescos","CF","6.5","ID","7","55","2.5","55","147"
"Alternativas","CF","3.5","DI","7","55","2.5","0","175.5"
"Botanas","GC","7","DI","7","91","1","91","36.94"
"Refrescos","CF","3","DI","7","55","2.5","55","0"
"Refrescos","CF","3.5"," DI","7","55","2.5","55","0"
"Refrescos","CF","3.5","DI","7","55","2.5","55","0"
"Refrescos","CF","1.5","DI","7","55","2.5","55","0"
"Botanas","GC","5.5","ID","7","91","1","91","133.96"
"Botanas","GC","3","ID","7","91","1","91","36.94"
"Jugos","CF","3","ID","7","55","2.5","0","176.4"
"Jugos","CF","3","DI","7","55","2.5","0","152.36"
"Alternativas","CF","1.5","ID","7","55","2.5","54","63.5"
"Refrescos","CF","4","DI","7","55","2.5","55","0"
"Botanas","GC","8","ID","7","91","1","91","36.94"
"Alternativas","CF","2","ID","7","55","2.5","0","151"
"Botanas","GC","1.5","DI","7","91","1","91","133.96"
"Refrescos","CF","4.5","ID","7","55","2.5","55","147"
"Botanas","GC","5","DI","7","91","1","91","36.94"
"Refrescos","CF","2","DI","7","55","2.5","55","0"
"Jugos","CF","1","DI","7","55","2.5","0","155.18"
"Alternativas","CF","2.5","DI","7","55","2.5","0","172"
"Botanas","GC","10","ID","7","91","1","91","36.94"
"Refrescos","CF","6","DI","7","55","2.5","55","0"
"Botanas","GC","4.5","ID","7","91","1","91","133.96"
"Refrescos","CF","1.5","ID","7","55","2.5","55","147"
"Botanas","GC","2","DI","7","91","1","91","36.94"
"Refrescos","CF","3.5","ID","7","55","2.5","55","147"
"Jugos","CF","2","DI","7","55","2.5","0","154.67"
"Botanas","GC","6","DI","7","91","1","91","36.94"
"Refrescos","CF","6.5","DI","7","55","2.5","55","0"
"Jugos","CF","1.5","ID","7","55","2.5","55","68.5"
"Refrescos","CF","5.5","DI","7","55","2.5","55","0"
"Botanas","GC","5.5","DI","7","91","1","91","36.94"
"Refrescos","CF","5.5","ID","7","55","2.5","55","147"
"Refrescos","CF","3"," DI","7","55","2.5","55","0"
"Jugos","GC","2","DI","7","91","3","91","50.5"
"Refrescos","CF","4","ID","7","55","2.5","55","0"
"Refrescos","CF","3"," ID","7","55","2.5","55","0"
"Refrescos","CF","4.5"," ID","7","55","2.5","55","147"
"Botanas","GC","2.5","DI","7","91","1","91","36.94"
"Botanas","GC","7","ID","7","91","1","91","36.94"
"Refrescos","CF","6","ID","7","55","2.5","55","0"
"Jugos","CF","2.5","ID","7","55","2.5","55","88.9"
"Alternativas","CF","4","ID","7","55","2.5","0","172"
"Alternativas","CF","4.5","ID","7","55","2.5","55","63.5"
"Refrescos","CF","2.5","DI","7","55","2.5","55","0"
"Refrescos","CF","2.5","ID","7","55","2.5","55","147"
"Refrescos","CF","4.5","DI","7","55","2.5","55","0"
"Refrescos","CF","2","ID","7","55","2.5","55","0"
"Refrescos","CF","5"," ID","7","55","2.5","55","0"
"Jugos","CF","1.5","DI","7","55","2.5","0","177.5"
"Botanas","GC","10","DI","7","91","1","91","36.94"
"Alternativas","CF","1.5","DI","7","55","2.5","0","179"
"Alternativas","CF","3","ID","7","55","2.5","0","151"
"Alternativas","CF","5","DI","7","55","2.5","0","172"
"Botanas","GC","5","ID","7","91","1","91","36.94"
"Botanas","GC","4.5","DI","7","91","1","91","36.94"
"Botanas","GC","2.5","ID","7","91","1","91","133.96"
"Alternativas","CF","4","DI","7","55","2.5","0","172"
"Botanas","GC","1.5","ID","7","91","1","91","133.96"
"Botanas","GC","3.5","ID","7","91","1","91","133.96"
"Refrescos","CF","5","ID","7","55","2.5","55","0"
"Alternativas","CF","1","DI","7","55","2.5","0","154.5"
"Jugos","CF","2","ID","7","55","2.5","0","146.53"
"Botanas","GC","9","ID","7","91","1","91","36.94"
"Botanas","GC","4","ID","7","91","1","91","36.94"
"Alternativas","CF","5","ID","7","55","2.5","0","172"
"Botanas","GC","3","DI","7","91","1","91","36.94"
"Alternativas","CF","3","DI","7","55","2.5","0","175.5"
"Alternativas","CF","2.5","ID","7","55","2.5","54","67"
"Jugos","CF","1","ID","7","55","2.5","0","155.18"
"Refrescos","CF","5"," DI","7","55","2.5","55","0"
"Alternativas","CF","1","ID","7","55","2.5","0","154.5"
"Refrescos","CF","3.5"," ID","7","55","2.5","55","147"
"Refrescos","CF","5","DI","7","55","2.5","55","0"
"Botanas","GC","3.5","DI","7","91","1","91","36.94"
"Alternativas","CF","2","DI","7","55","2.5","0","172"
"Jugos","GC","2","ID","7","91","3","91","72"
"Botanas","GC","2","ID","7","91","1","91","36.94"
"Refrescos","CF","3"," ID","8","55","2.5","55","42"
"Alternativas","CF","3","DI","8","55","2.5","55","0"
"Refrescos","CF","3.5","ID","8","55","2.5","55","175"
"Jugos","CF","3","ID","8","55","2.5","55","0"
"Botanas","GC","2","DI","8","91","1","91","64.88"
"Botanas","GC","9","DI","8","91","1","91","64.88"
"Refrescos","CF","2","ID","8","55","2.5","55","42"
"Refrescos","CF","6","DI","8","55","2.5","55","42"
"Refrescos","CF","2.5","DI","8","55","2.5","55","42"
"Botanas","GC","5.5","ID","8","91","1","182","10"
"Botanas","GC","4","DI","8","91","1","91","64.88"
"Alternativas","CF","3.5","DI","8","55","2.5","55","0"
"Botanas","GC","8","ID","8","91","1","91","64.88"
"Alternativas","CF","3.5","ID","8","55","2.5","55","84.5"
"Refrescos","CF","6.5","DI","8","55","2.5","55","42"
"Refrescos","CF","6","ID","8","55","2.5","55","42"
"Alternativas","CF","4","ID","8","55","2.5","55","0.5"
"Alternativas","CF","4.5","DI","8","55","2.5","55","0"
"Botanas","GC","6","ID","8","91","1","91","64.88"
"Refrescos","CF","2.5","ID","8","55","2.5","55","175"
"Refrescos","CF","4.5","ID","8","55","2.5","55","175"
"Botanas","GC","2","ID","8","91","1","91","64.88"
"Refrescos","CF","1.5","DI","8","55","2.5","55","42"
"Refrescos","CF","3.5"," DI","8","55","2.5","55","42"
"Botanas","GC","4.5","ID","8","91","1","182","10"
"Botanas","GC","10","ID","8","91","1","91","64.88"
"Botanas","GC","7","ID","8","91","1","91","64.88"
"Refrescos","CF","3.5","DI","8","55","2.5","55","42"
"Botanas","GC","5","DI","8","91","1","91","64.88"
"Jugos","CF","2","ID","8","55","2.5","0","173"
"Refrescos","CF","1.5","ID","8","55","2.5","55","175"
"Refrescos","CF","5"," DI","8","55","2.5","55","42"
"Botanas","GC","3.5","DI","8","91","1","91","64.88"
"Alternativas","CF","1","ID","8","55","2.5","0","175.5"
"Jugos","CF","3","DI","8","55","2.5","0","176.42"
"Refrescos","CF","5","DI","8","55","2.5","55","42"
"Jugos","CF","2.5","DI","8","55","2.5","55","156.9"
"Refrescos","CF","3.5"," ID","8","55","2.5","55","175"
"Botanas","GC","9","ID","8","91","1","91","64.88"
"Jugos","CF","1","DI","8","55","2.5","0","178"
"Alternativas","CF","5","DI","8","55","2.5","55","0.5"
"Alternativas","CF","2","DI","8","55","2.5","55","0.5"
"Refrescos","CF","3"," DI","8","55","2.5","55","42"
"Refrescos","CF","3","ID","8","55","2.5","55","42"
"Refrescos","CF","4","ID","8","55","2.5","55","42"
"Refrescos","CF","6.5","ID","8","55","2.5","55","175"
"Alternativas","CF","5","ID","8","55","2.5","55","0.5"
"Botanas","GC","7","DI","8","91","1","91","64.88"
"Alternativas","CF","1.5","DI","8","55","2.5","56","97"
"Botanas","GC","6","DI","8","91","1","91","64.88"
"Botanas","GC","4.5","DI","8","91","1","91","64.88"
"Botanas","GC","4","ID","8","91","1","91","64.88"
"Refrescos","CF","5.5","ID","8","55","2.5","55","175"
"Botanas","GC","2.5","ID","8","91","1","182","10"
"Botanas","GC","3","ID","8","91","1","91","64.88"
"Jugos","GC","2","DI","8","91","3","91","91"
"Jugos","CF","1","ID","8","55","2.5","0","178"
"Botanas","GC","3.5","ID","8","91","1","182","10"
"Botanas","GC","2.5","DI","8","91","1","91","64.88"
"Refrescos","CF","4.5"," ID","8","55","2.5","55","175"
"Jugos","GC","2","ID","8","91","3","91","103"
"Alternativas","CF","3","ID","8","55","2.5","0","175.5"
"Jugos","CF","1.5","ID","8","55","2.5","55","96.18"
"Alternativas","CF","4.5","ID","8","55","2.5","55","95"
"Refrescos","CF","4.5","DI","8","55","2.5","55","42"
"Jugos","CF","1.5","DI","8","55","2.5","55","0"
"Jugos","CF","2","DI","8","55","2.5","0","176.42"
"Refrescos","CF","2","DI","8","55","2.5","55","42"
"Refrescos","CF","5","ID","8","55","2.5","55","42"
"Alternativas","CF","2.5","DI","8","55","2.5","55","0"
"Botanas","GC","8","DI","8","91","1","91","64.88"
"Botanas","GC","5.5","DI","8","91","1","91","64.88"
"Refrescos","CF","3","DI","8","55","2.5","55","42"
"Alternativas","CF","1","DI","8","55","2.5","0","175.5"
"Jugos","CF","2.5","ID","8","55","2.5","55","111.1"
"Alternativas","CF","4","DI","8","55","2.5","55","0.5"
"Botanas","GC","10","DI","8","91","1","91","64.88"
"Botanas","GC","3","DI","8","91","1","91","64.88"
"Botanas","GC","5","ID","8","91","1","91","64.88"
"Refrescos","CF","4.5"," DI","8","55","2.5","55","42"
"Alternativas","CF","2.5","ID","8","55","2.5","54","95"
"Refrescos","CF","5"," ID","8","55","2.5","55","42"
"Alternativas","CF","2","ID","8","55","2.5","0","172"
"Refrescos","CF","5.5","DI","8","55","2.5","55","42"
"Refrescos","CF","4","DI","8","55","2.5","55","42"
"Alternativas","CF","1.5","ID","8","55","2.5","54","95"
"Botanas","GC","3.5","ID","9","91","1","182","36.94"
"Refrescos","CF","4","DI","9","55","2.5","55","84"
"Refrescos","CF","6.5","DI","9","55","2.5","55","84"
"Botanas","GC","5.5","DI","9","91","1","91","97.9"
"Jugos","CF","1.5","DI","9","55","2.5","55","35.7"
"Alternativas","CF","3","DI","9","55","2.5","55","32"
"Botanas","GC","7","DI","9","91","1","91","97.9"
"Refrescos","CF","4.5"," DI","9","55","2.5","55","84"
"Refrescos","CF","2","ID","9","55","2.5","55","84"
"Refrescos","CF","2.5","ID","9","55","2.5","110","0"
"Alternativas","CF","2","DI","9","55","2.5","55","32"
"Refrescos","CF","6","DI","9","55","2.5","55","84"
"Alternativas","CF","4","ID","9","55","2.5","55","25"
"Jugos","GC","2","DI","9","91","3","91","131.5"
"Botanas","GC","2","ID","9","91","1","91","97.9"
"Refrescos","CF","4","ID","9","55","2.5","55","84"
"Refrescos","CF","3.5","ID","9","55","2.5","110","0"
"Alternativas","CF","1","DI","9","18.57","2","65","0"
"Refrescos","CF","6.5","ID","9","55","2.5","110","0"
"Alternativas","CF","5","DI","9","55","2.5","55","28.5"
"Botanas","GC","6","ID","9","91","1","91","97.9"
"Alternativas","CF","1.5","ID","9","55","2.5","55","126.5"
"Alternativas","CF","4.5","DI","9","55","2.5","55","32"
"Jugos","GC","2","ID","9","91","3","91","134"
"Alternativas","CF","2","ID","9","55","2.5","55","0.5"
"Botanas","GC","2.5","DI","9","91","1","91","97.9"
"Botanas","GC","5","ID","9","91","1","91","97.9"
"Botanas","GC","8","DI","9","91","1","91","97.9"
"Alternativas","CF","2.5","ID","9","55","2.5","54","123"
"Botanas","GC","10","DI","9","91","1","91","97.9"
"Alternativas","CF","3.5","ID","9","55","2.5","55","109"
"Refrescos","CF","3"," ID","9","55","2.5","55","84"
"Jugos","CF","2.5","DI","9","55","2.5","55","179.1"
"Alternativas","CF","1","ID","9","18.57","2","65","0"
"Botanas","GC","9","DI","9","91","1","91","97.9"
"Alternativas","CF","3","ID","9","55","2.5","55","0"
"Botanas","GC","3","ID","9","91","1","91","97.9"
"Refrescos","CF","2","DI","9","55","2.5","55","84"
"Botanas","GC","3.5","DI","9","91","1","91","97.9"
"Alternativas","CF","3.5","DI","9","55","2.5","55","32"
"Refrescos","CF","3.5"," DI","9","55","2.5","55","84"
"Botanas","GC","2.5","ID","9","91","1","182","36.94"
"Refrescos","CF","3.5"," ID","9","55","2.5","110","0"
"Jugos","CF","1.5","ID","9","55","2.5","55","128.01"
"Refrescos","CF","4.5","DI","9","55","2.5","55","84"
"Alternativas","CF","1.5","DI","9","55","2.5","55","123"
"Botanas","GC","4.5","ID","9","91","1","182","36.94"
"Botanas","GC","8","ID","9","91","1","91","97.9"
"Refrescos","CF","5","ID","9","55","2.5","55","84"
"Alternativas","CF","5","ID","9","55","2.5","55","25"
"Refrescos","CF","2.5","DI","9","55","2.5","55","84"
"Jugos","CF","3","DI","9","55","2.5","55","0"
"Refrescos","CF","6","ID","9","55","2.5","55","84"
"Alternativas","CF","2.5","DI","9","55","2.5","56","35.5"
"Jugos","CF","2","ID","9","55","2.5","55","0"
"Botanas","GC","2","DI","9","91","1","91","97.9"
"Alternativas","CF","4","DI","9","55","2.5","55","32"
"Refrescos","CF","3.5","DI","9","55","2.5","55","84"
"Refrescos","CF","5"," ID","9","55","2.5","55","84"
"Botanas","GC","7","ID","9","91","1","91","97.9"
"Jugos","CF","2","DI","9","55","2.5","55","0"
"Refrescos","CF","5.5","DI","9","55","2.5","55","84"
"Refrescos","CF","3"," DI","9","55","2.5","55","84"
"Refrescos","CF","4.5","ID","9","55","2.5","110","0"
"Botanas","GC","6","DI","9","91","1","91","97.9"
"Refrescos","CF","5","DI","9","55","2.5","55","84"
"Botanas","GC","5","DI","9","91","1","91","97.9"
"Botanas","GC","10","ID","9","91","1","91","97.9"
"Alternativas","CF","4.5","ID","9","55","2.5","55","123"
"Refrescos","CF","5"," DI","9","55","2.5","55","84"
"Botanas","GC","4","ID","9","91","1","91","97.9"
"Botanas","GC","9","ID","9","91","1","91","97.9"
"Botanas","GC","3","DI","9","91","1","91","97.9"
"Jugos","CF","3","ID","9","55","2.5","55","28.64"
"Botanas","GC","4","DI","9","91","1","91","97.9"
"Refrescos","CF","5.5","ID","9","55","2.5","110","0"
"Jugos","CF","2.5","ID","9","55","2.5","55","133.3"
"Botanas","GC","4.5","DI","9","91","1","91","97.9"
"Botanas","GC","5.5","ID","9","91","1","182","36.94"
"Refrescos","CF","4.5"," ID","9","55","2.5","110","0"
"Refrescos","CF","3","ID","9","55","2.5","55","84"
"Refrescos","CF","3","DI","9","55","2.5","55","84"
"Refrescos","CF","2.5","ID","10","55","2.5","110","42"
"Refrescos","CF","3.5","ID","10","55","2.5","110","42"
"Refrescos","CF","5"," DI","10","55","2.5","55","115.5"
"Alternativas","CF","3.5","ID","10","55","2.5","55","123"
"Botanas","GC","3","ID","10","91","1","91","133.96"
"Botanas","GC","4","DI","10","91","1","91","133.96"
"Refrescos","CF","4.5","DI","10","55","2.5","55","115.5"
"Refrescos","CF","6.5","ID","10","55","2.5","110","42"
"Refrescos","CF","3"," DI","10","55","2.5","55","115.5"
"Jugos","CF","3","DI","10","55","2.5","55","28.64"
"Refrescos","CF","6","DI","10","55","2.5","55","115.5"
"Alternativas","CF","5","ID","10","55","2.5","55","49.5"
"Botanas","GC","3.5","ID","10","91","1","182","64.88"
"Botanas","GC","4","ID","10","91","1","91","133.96"
"Refrescos","CF","4","ID","10","55","2.5","55","115.5"
"Alternativas","CF","2","ID","10","55","2.5","55","32"
"Refrescos","CF","2","ID","10","55","2.5","55","115.5"
"Botanas","GC","2.5","DI","10","91","1","91","133.96"
"Alternativas","CF","3.5","DI","10","55","2.5","55","63.5"
"Alternativas","CF","2","DI","10","55","2.5","55","60"
"Botanas","GC","8","ID","10","91","1","91","133.96"
"Botanas","GC","7","DI","10","91","1","91","133.96"
"Refrescos","CF","5","DI","10","55","2.5","55","115.5"
"Refrescos","CF","5"," ID","10","55","2.5","55","115.5"
"Refrescos","CF","3.5","DI","10","55","2.5","55","115.5"
"Refrescos","CF","3","DI","10","55","2.5","55","115.5"
"Botanas","GC","7","ID","10","91","1","91","133.96"
"Botanas","GC","8","DI","10","91","1","91","133.96"
"Refrescos","CF","3","ID","10","55","2.5","55","115.5"
"Refrescos","CF","4","DI","10","55","2.5","55","115.5"
"Botanas","GC","2","ID","10","91","1","91","133.96"
"Alternativas","CF","2.5","DI","10","55","2.5","56","67"
"Jugos","CF","1.5","DI","10","55","2.5","55","56.5"
"Refrescos","CF","5.5","ID","10","55","2.5","110","42"
"Refrescos","CF","6","ID","10","55","2.5","55","115.5"
"Refrescos","CF","5","ID","10","55","2.5","55","115.5"
"Jugos","CF","1.5","ID","10","55","2.5","55","151.85"
"Refrescos","CF","3.5"," DI","10","55","2.5","55","115.5"
"Alternativas","CF","1.5","DI","10","55","2.5","55","151"
"Alternativas","CF","3","DI","10","55","2.5","55","63.5"
"Refrescos","CF","2","DI","10","55","2.5","55","115.5"
"Refrescos","CF","3.5"," ID","10","55","2.5","110","42"
"Alternativas","CF","2.5","ID","10","55","2.5","54","147.5"
"Botanas","GC","5.5","ID","10","91","1","182","64.88"
"Botanas","GC","3","DI","10","91","1","91","133.96"
"Botanas","GC","4.5","DI","10","91","1","91","133.96"
"Alternativas","CF","4","ID","10","55","2.5","55","49.5"
"Refrescos","CF","6.5","DI","10","55","2.5","55","115.5"
"Botanas","GC","5","ID","10","91","1","91","133.96"
"Botanas","GC","10","ID","10","91","1","91","133.96"
"Jugos","CF","2","DI","10","55","2.5","55","29.83"
"Alternativas","CF","5","DI","10","55","2.5","55","56.5"
"Alternativas","CF","4","DI","10","55","2.5","55","63.5"
"Botanas","GC","3.5","DI","10","91","1","91","133.96"
"Botanas","GC","5","DI","10","91","1","91","133.96"
"Refrescos","CF","3"," ID","10","55","2.5","55","115.5"
"Botanas","GC","6","DI","10","91","1","91","133.96"
"Botanas","GC","2.5","ID","10","91","1","182","64.88"
"Botanas","GC","9","DI","10","91","1","91","133.96"
"Refrescos","CF","4.5","ID","10","55","2.5","110","42"
"Refrescos","CF","5.5","DI","10","55","2.5","55","115.5"
"Botanas","GC","5.5","DI","10","91","1","91","133.96"
"Refrescos","CF","4.5"," ID","10","55","2.5","110","42"
"Refrescos","CF","4.5"," DI","10","55","2.5","55","115.5"
"Alternativas","CF","4.5","ID","10","55","2.5","55","151"
"Botanas","GC","10","DI","10","91","1","91","133.96"
"Jugos","CF","2.5","ID","10","55","2.5","55","155.5"
"Jugos","CF","2","ID","10","55","2.5","55","39.9"
"Botanas","GC","4.5","ID","10","91","1","182","64.88"
"Jugos","CF","2.5","DI","10","55","2.5","110","63"
"Botanas","GC","2","DI","10","91","1","91","133.96"
"Botanas","GC","6","ID","10","91","1","91","133.96"
"Refrescos","CF","2.5","DI","10","55","2.5","55","115.5"
"Alternativas","CF","4.5","DI","10","55","2.5","55","67"
"Jugos","CF","3","ID","10","55","2.5","55","52.47"
"Alternativas","CF","3","ID","10","55","2.5","55","32"
"Alternativas","CF","1.5","ID","10","55","2.5","55","154.5"
"Botanas","GC","9","ID","10","91","1","91","133.96"
"Alternativas","CF","5","ID","11","55","2.5","55","74"
"Refrescos","CF","2.5","DI","11","55","2.5","55","147"
"Jugos","CF","2.5","ID","11","55","2.5","55","179.1"
"Botanas","GC","3","DI","11","91","1","182","10"
"Alternativas","CF","3.5","ID","11","55","2.5","55","147.5"
"Refrescos","CF","6","ID","11","55","2.5","55","147"
"Botanas","GC","2.5","ID","11","91","1","182","97.9"
"Refrescos","CF","5"," ID","11","55","2.5","55","147"
"Botanas","GC","7","DI","11","91","1","182","10"
"Botanas","GC","5.5","DI","11","91","1","182","10"
"Jugos","CF","2.5","DI","11","55","2.5","110","88.9"
"Alternativas","CF","3","ID","11","55","2.5","55","63.5"
"Refrescos","CF","3.5"," ID","11","55","2.5","110","84"
"Jugos","CF","1.5","ID","11","55","2.5","55","177.5"
"Refrescos","CF","6.5","ID","11","55","2.5","110","84"
"Alternativas","CF","5","DI","11","55","2.5","55","84.5"
"Refrescos","CF","3","ID","11","55","2.5","55","147"
"Botanas","GC","3.5","ID","11","91","1","182","97.9"
"Botanas","GC","4","ID","11","91","1","182","10"
"Botanas","GC","7","ID","11","91","1","182","10"
"Alternativas","CF","2.5","DI","11","55","2.5","56","95"
"Botanas","GC","9","ID","11","91","1","182","10"
"Botanas","GC","4.5","DI","11","91","1","182","10"
"Refrescos","CF","2.5","ID","11","55","2.5","110","84"
"Refrescos","CF","4","ID","11","55","2.5","55","147"
"Refrescos","CF","5","DI","11","55","2.5","55","147"
"Refrescos","CF","4.5"," ID","11","55","2.5","110","84"
"Alternativas","CF","4","ID","11","55","2.5","55","74"
"Refrescos","CF","3.5","ID","11","55","2.5","110","84"
"Refrescos","CF","6.5","DI","11","55","2.5","55","147"
"Refrescos","CF","6","DI","11","55","2.5","55","147"
"Refrescos","CF","5"," DI","11","55","2.5","55","147"
"Alternativas","CF","2","DI","11","55","2.5","55","91.5"
"Botanas","GC","8","ID","11","91","1","182","10"
"Alternativas","CF","4.5","ID","11","55","2.5","55","175.5"
"Alternativas","CF","2","ID","11","55","2.5","55","63.5"
"Refrescos","CF","3.5"," DI","11","55","2.5","55","147"
"Botanas","GC","8","DI","11","91","1","182","10"
"Alternativas","CF","3","DI","11","55","2.5","55","91.5"
"Refrescos","CF","4","DI","11","55","2.5","55","147"
"Refrescos","CF","3"," DI","11","55","2.5","55","147"
"Jugos","CF","2","DI","11","55","2.5","55","58.65"
"Botanas","GC","3","ID","11","91","1","182","10"
"Refrescos","CF","5","ID","11","55","2.5","55","147"
"Refrescos","CF","4.5","ID","11","55","2.5","110","84"
"Refrescos","CF","4.5","DI","11","55","2.5","55","147"
"Jugos","CF","3","DI","11","55","2.5","55","52.47"
"Botanas","GC","5","DI","11","91","1","182","10"
"Botanas","GC","4","DI","11","91","1","182","10"
"Refrescos","CF","2","DI","11","55","2.5","55","147"
"Alternativas","CF","4.5","DI","11","55","2.5","55","98.5"
"Botanas","GC","9","DI","11","91","1","182","10"
"Refrescos","CF","5.5","ID","11","55","2.5","110","84"
"Alternativas","CF","1.5","ID","11","55","2.5","55","179"
"Botanas","GC","5","ID","11","91","1","182","10"
"Botanas","GC","4.5","ID","11","91","1","182","97.9"
"Refrescos","CF","4.5"," DI","11","55","2.5","55","147"
"Jugos","CF","2","ID","11","55","2.5","55","67.85"
"Botanas","GC","6","DI","11","91","1","182","10"
"Botanas","GC","6","ID","11","91","1","182","10"
"Alternativas","CF","3.5","DI","11","55","2.5","55","95"
"Alternativas","CF","2.5","ID","11","55","2.5","55","172"
"Refrescos","CF","3"," ID","11","55","2.5","55","147"
"Refrescos","CF","5.5","DI","11","55","2.5","55","147"
"Botanas","GC","3.5","DI","11","91","1","182","10"
"Refrescos","CF","3.5","DI","11","55","2.5","55","147"
"Alternativas","CF","1.5","DI","11","55","2.5","55","175.5"
"Botanas","GC","10","ID","11","91","1","182","10"
"Jugos","CF","1.5","DI","11","55","2.5","55","78.5"
"Alternativas","CF","4","DI","11","55","2.5","55","95"
"Botanas","GC","5.5","ID","11","91","1","182","97.9"
"Refrescos","CF","2","ID","11","55","2.5","55","147"
"Botanas","GC","2.5","DI","11","91","1","182","97.9"
"Jugos","CF","3","ID","11","55","2.5","55","78.09"
"Refrescos","CF","3","DI","11","55","2.5","55","147"
"Botanas","GC","10","DI","11","91","1","182","10"
"Refrescos","CF","5.5","ID","12","55","2.5","110","115.5"
"Refrescos","CF","3.5"," ID","12","55","2.5","110","115.5"
"Alternativas","CF","3","DI","12","55","2.5","55","119.5"
"Alternativas","CF","5","ID","12","55","2.5","55","98.5"
"Refrescos","CF","6","ID","12","55","2.5","55","175"
"Alternativas","CF","5","DI","12","55","2.5","55","119.5"
"Refrescos","CF","6.5","ID","12","55","2.5","110","115.5"
"Botanas","GC","5.5","DI","12","91","1","182","36.94"
"Alternativas","CF","3","ID","12","55","2.5","55","91.5"
"Refrescos","CF","3.5","ID","12","55","2.5","110","115.5"
"Refrescos","CF","4","DI","12","55","2.5","55","175"
"Alternativas","CF","1.5","ID","12","17.71","2","120","0"
"Botanas","GC","3.5","ID","12","91","1","182","133.96"
"Refrescos","CF","3"," DI","12","55","2.5","55","175"
"Alternativas","CF","3.5","DI","12","55","2.5","55","126.5"
"Alternativas","CF","3.5","ID","12","55","2.5","55","168.5"
"Refrescos","CF","2.5","ID","12","55","2.5","110","115.5"
"Refrescos","CF","2.5","DI","12","55","2.5","55","175"
"Refrescos","CF","6","DI","12","55","2.5","55","175"
"Botanas","GC","4.5","ID","12","91","1","182","133.96"
"Botanas","GC","3","DI","12","91","1","182","36.94"
"Botanas","GC","4","DI","12","91","1","182","36.94"
"Refrescos","CF","2","ID","12","55","2.5","55","175"
"Refrescos","CF","5"," ID","12","55","2.5","55","175"
"Botanas","GC","7","ID","12","91","1","182","36.94"
"Refrescos","CF","3","ID","12","55","2.5","55","175"
"Botanas","GC","4","ID","12","91","1","182","36.94"
"Refrescos","CF","3.5"," DI","12","55","2.5","55","175"
"Jugos","CF","2.5","DI","12","55","2.5","110","111.1"
"Refrescos","CF","3.5","DI","12","55","2.5","55","175"
"Botanas","GC","2.5","ID","12","91","1","182","133.96"
"Refrescos","CF","4.5","DI","12","55","2.5","55","175"
"Botanas","GC","7","DI","12","91","1","182","36.94"
"Botanas","GC","5.5","ID","12","91","1","182","133.96"
"Alternativas","CF","4","ID","12","55","2.5","55","98.5"
"Jugos","CF","3","DI","12","55","2.5","55","78.09"
"Alternativas","CF","2","DI","12","55","2.5","55","119.5"
"Alternativas","CF","2","ID","12","55","2.5","55","95"
"Jugos","CF","2.5","ID","12","55","2.5","110","68.1"
"Jugos","CF","2","DI","12","55","2.5","55","80.46"
"Botanas","GC","2.5","DI","12","91","1","182","133.96"
"Refrescos","CF","5"," DI","12","55","2.5","55","175"
"Refrescos","CF","4.5","ID","12","55","2.5","110","115.5"
"Jugos","CF","2","ID","12","55","2.5","55","87.8"
"Botanas","GC","5","ID","12","91","1","182","36.94"
"Botanas","GC","9","DI","12","91","1","182","36.94"
"Refrescos","CF","5","ID","12","55","2.5","55","175"
"Botanas","GC","10","ID","12","91","1","182","36.94"
"Refrescos","CF","6.5","DI","12","55","2.5","55","175"
"Botanas","GC","5","DI","12","91","1","182","36.94"
"Alternativas","CF","4.5","ID","12","55","2.5","110","0"
"Botanas","GC","9","ID","12","91","1","182","36.94"
"Botanas","GC","6","ID","12","91","1","182","36.94"
"Refrescos","CF","5","DI","12","55","2.5","55","175"
"Alternativas","CF","4.5","DI","12","55","2.5","55","123"
"Alternativas","CF","4","DI","12","55","2.5","55","123"
"Refrescos","CF","5.5","DI","12","55","2.5","55","175"
"Botanas","GC","8","ID","12","91","1","182","36.94"
"Botanas","GC","3.5","DI","12","91","1","182","36.94"
"Refrescos","CF","4","ID","12","55","2.5","55","175"
"Refrescos","CF","3"," ID","12","55","2.5","55","175"
"Alternativas","CF","2.5","DI","12","55","2.5","56","123"
"Refrescos","CF","3","DI","12","55","2.5","55","175"
"Refrescos","CF","2","DI","12","55","2.5","55","175"
"Botanas","GC","10","DI","12","91","1","182","36.94"
"Alternativas","CF","1.5","DI","12","17.71","2","120","0"
"Botanas","GC","6","DI","12","91","1","182","36.94"
"Botanas","GC","4.5","DI","12","91","1","182","36.94"
"Refrescos","CF","4.5"," ID","12","55","2.5","110","115.5"
"Alternativas","CF","2.5","ID","12","55","2.5","110","0"
"Refrescos","CF","4.5"," DI","12","55","2.5","55","175"
"Jugos","CF","3","ID","12","55","2.5","55","103.91"
"Botanas","GC","8","DI","12","91","1","182","36.94"
"Botanas","GC","3","ID","12","91","1","182","36.94"
"Alternativas","CF","2","DI","13","55","2.5","55","130"
"Refrescos","CF","2.5","ID","13","55","2.5","110","147"
"Botanas","GC","4.5","DI","13","91","1","182","64.88"
"Refrescos","CF","6.5","ID","13","55","2.5","110","147"
"Refrescos","CF","5","ID","13","55","2.5","110","0"
"Refrescos","CF","3","DI","13","55","2.5","110","0"
"Botanas","GC","10","DI","13","91","1","182","64.88"
"Botanas","GC","7","DI","13","91","1","182","64.88"
"Botanas","GC","7","ID","13","91","1","182","64.88"
"Refrescos","CF","4.5"," DI","13","55","2.5","110","0"
"Botanas","GC","8","ID","13","91","1","182","64.88"
"Refrescos","CF","3"," ID","13","55","2.5","110","0"
"Botanas","GC","5","DI","13","91","1","182","64.88"
"Jugos","CF","2","ID","13","55","2.5","55","109.57"
"Jugos","CF","2.5","DI","13","55","2.5","110","133.3"
"Botanas","GC","5","ID","13","91","1","182","64.88"
"Alternativas","CF","4","DI","13","55","2.5","55","151"
"Botanas","GC","3.5","DI","13","91","1","182","64.88"
"Alternativas","CF","4.5","DI","13","55","2.5","55","151"
"Botanas","GC","10","ID","13","91","1","182","64.88"
"Botanas","GC","4","ID","13","91","1","182","64.88"
"Botanas","GC","5.5","DI","13","91","1","182","64.88"
"Botanas","GC","9","ID","13","91","1","182","64.88"
"Alternativas","CF","4","ID","13","55","2.5","55","112.5"
"Refrescos","CF","6","ID","13","55","2.5","110","0"
"Refrescos","CF","3"," DI","13","55","2.5","110","0"
"Refrescos","CF","3.5"," ID","13","55","2.5","110","147"
"Refrescos","CF","4.5"," ID","13","55","2.5","110","147"
"Alternativas","CF","3.5","DI","13","55","2.5","55","154.5"
"Refrescos","CF","3","ID","13","55","2.5","110","0"
"Botanas","GC","4.5","ID","13","91","1","273","10"
"Alternativas","CF","3","DI","13","55","2.5","55","147.5"
"Refrescos","CF","5"," ID","13","55","2.5","110","0"
"Alternativas","CF","3.5","ID","13","55","2.5","110","0"
"Refrescos","CF","4","DI","13","55","2.5","110","0"
"Botanas","GC","3","DI","13","91","1","182","64.88"
"Refrescos","CF","2.5","DI","13","55","2.5","110","0"
"Botanas","GC","3.5","ID","13","91","1","273","10"
"Botanas","GC","6","DI","13","91","1","182","64.88"
"Alternativas","CF","2","ID","13","55","2.5","55","123"
"Alternativas","CF","2.5","DI","13","55","2.5","56","147.5"
"Refrescos","CF","4.5","ID","13","55","2.5","110","147"
"Botanas","GC","5.5","ID","13","91","1","273","10"
"Alternativas","CF","5","ID","13","55","2.5","55","112.5"
"Refrescos","CF","6.5","DI","13","55","2.5","110","0"
"Botanas","GC","4","DI","13","91","1","182","64.88"
"Alternativas","CF","4.5","ID","13","55","2.5","110","25"
"Refrescos","CF","3.5","ID","13","55","2.5","110","147"
"Botanas","GC","6","ID","13","91","1","182","64.88"
"Refrescos","CF","3.5","DI","13","55","2.5","110","0"
"Refrescos","CF","3.5"," DI","13","55","2.5","110","0"
"Refrescos","CF","5"," DI","13","55","2.5","110","0"
"Refrescos","CF","5.5","DI","13","55","2.5","110","0"
"Alternativas","CF","5","DI","13","55","2.5","55","151"
"Refrescos","CF","4","ID","13","55","2.5","110","0"
"Botanas","GC","3","ID","13","91","1","182","64.88"
"Jugos","CF","3","DI","13","55","2.5","55","103.91"
"Alternativas","CF","2.5","ID","13","55","2.5","110","35.5"
"Jugos","CF","2.5","ID","13","55","2.5","110","90.3"
"Botanas","GC","9","DI","13","91","1","182","64.88"
"Botanas","GC","8","DI","13","91","1","182","64.88"
"Refrescos","CF","6","DI","13","55","2.5","110","0"
"Alternativas","CF","3","ID","13","55","2.5","55","119.5"
"Refrescos","CF","5.5","ID","13","55","2.5","110","147"
"Refrescos","CF","4.5","DI","13","55","2.5","110","0"
"Jugos","CF","2","DI","13","55","2.5","55","103.78"
"Refrescos","CF","5","DI","13","55","2.5","110","0"
"Jugos","CF","3","ID","13","55","2.5","55","130.75"
"Refrescos","CF","6","ID","14","55","2.5","110","42"
"Botanas","GC","7","DI","14","91","1","182","97.9"
"Botanas","GC","7","ID","14","91","1","182","97.9"
"Refrescos","CF","2.5","DI","14","55","2.5","110","42"
"Botanas","GC","3.5","ID","14","91","1","273","36.94"
"Jugos","CF","2","ID","14","55","2.5","55","132.52"
"Refrescos","CF","6.5","DI","14","55","2.5","110","42"
"Alternativas","CF","2","ID","14","55","2.5","55","147.5"
"Botanas","GC","3","DI","14","91","1","182","97.9"
"Refrescos","CF","4","ID","14","55","2.5","110","42"
"Botanas","GC","4","ID","14","91","1","182","97.9"
"Jugos","CF","2","DI","14","55","2.5","55","122.69"
"Jugos","CF","3","ID","14","55","2.5","55","158.08"
"Refrescos","CF","3.5"," DI","14","55","2.5","110","42"
"Botanas","GC","5","ID","14","91","1","182","97.9"
"Botanas","GC","3.5","DI","14","91","1","182","97.9"
"Alternativas","CF","4","ID","14","55","2.5","55","144"
"Refrescos","CF","3.5","ID","14","55","2.5","110","175"
"Alternativas","CF","2.5","ID","14","55","2.5","110","67"
"Refrescos","CF","5.5","ID","14","55","2.5","110","175"
"Jugos","CF","2.5","DI","14","55","2.5","110","155.5"
"Alternativas","CF","3.5","ID","14","55","2.5","110","32"
"Refrescos","CF","3","ID","14","55","2.5","110","42"
"Botanas","GC","5.5","ID","14","91","1","273","36.94"
"Botanas","GC","10","ID","14","91","1","182","97.9"
"Botanas","GC","9","DI","14","91","1","182","97.9"
"Refrescos","CF","5","ID","14","55","2.5","110","42"
"Alternativas","CF","4.5","ID","14","55","2.5","110","53"
"Refrescos","CF","4.5"," ID","14","55","2.5","110","175"
"Botanas","GC","6","DI","14","91","1","182","97.9"
"Botanas","GC","5","DI","14","91","1","182","97.9"
"Refrescos","CF","3","DI","14","55","2.5","110","42"
"Alternativas","CF","2","DI","14","55","2.5","55","151"
"Refrescos","CF","5.5","DI","14","55","2.5","110","42"
"Botanas","GC","9","ID","14","91","1","182","97.9"
"Botanas","GC","8","ID","14","91","1","182","97.9"
"Refrescos","CF","5"," ID","14","55","2.5","110","42"
"Refrescos","CF","6.5","ID","14","55","2.5","110","175"
"Alternativas","CF","4","DI","14","55","2.5","55","175.5"
"Refrescos","CF","4.5"," DI","14","55","2.5","110","42"
"Alternativas","CF","3","DI","14","55","2.5","55","175.5"
"Jugos","CF","3","DI","14","55","2.5","55","130.75"
"Botanas","GC","10","DI","14","91","1","182","97.9"
"Alternativas","CF","5","DI","14","55","2.5","55","175.5"
"Refrescos","CF","3"," ID","14","55","2.5","110","42"
"Botanas","GC","4.5","ID","14","91","1","273","36.94"
"Refrescos","CF","5","DI","14","55","2.5","110","42"
"Refrescos","CF","2.5","ID","14","55","2.5","110","175"
"Botanas","GC","8","DI","14","91","1","182","97.9"
"Refrescos","CF","5"," DI","14","55","2.5","110","42"
"Alternativas","CF","3.5","DI","14","55","2.5","55","175.5"
"Botanas","GC","5.5","DI","14","91","1","182","97.9"
"Alternativas","CF","2.5","DI","14","55","2.5","55","172"
"Refrescos","CF","4.5","DI","14","55","2.5","110","42"
"Alternativas","CF","5","ID","14","55","2.5","55","144"
"Refrescos","CF","4","DI","14","55","2.5","110","42"
"Botanas","GC","4.5","DI","14","91","1","182","97.9"
"Botanas","GC","6","ID","14","91","1","182","97.9"
"Alternativas","CF","3","ID","14","55","2.5","55","147.5"
"Refrescos","CF","6","DI","14","55","2.5","110","42"
"Alternativas","CF","4.5","DI","14","55","2.5","55","175.5"
"Botanas","GC","4","DI","14","91","1","182","97.9"
"Refrescos","CF","4.5","ID","14","55","2.5","110","175"
"Botanas","GC","3","ID","14","91","1","182","97.9"
"Jugos","CF","2.5","ID","14","55","2.5","110","112.5"
"Refrescos","CF","3.5"," ID","14","55","2.5","110","175"
"Refrescos","CF","3.5","DI","14","55","2.5","110","42"
"Refrescos","CF","3"," DI","14","55","2.5","110","42"
"Alternativas","CF","5","DI","15","55","2.5","110","0.5"
"Alternativas","CF","2","DI","15","55","2.5","55","172"
"Jugos","CF","3","ID","15","55","2.5","55","181"
"Refrescos","CF","3"," ID","15","55","2.5","110","84"
"Refrescos","CF","6","DI","15","55","2.5","110","84"
"Botanas","GC","4","ID","15","91","1","182","133.96"
"Botanas","GC","4.5","ID","15","91","1","273","64.88"
"Refrescos","CF","6.5","ID","15","55","2.5","165","0"
"Jugos","CF","2","ID","15","55","2.5","55","154.67"
"Alternativas","CF","2","ID","15","55","2.5","55","172"
"Refrescos","CF","3","DI","15","55","2.5","110","84"
"Alternativas","CF","5","ID","15","55","2.5","55","172"
"Botanas","GC","9","ID","15","91","1","182","133.96"
"Refrescos","CF","6","ID","15","55","2.5","110","84"
"Botanas","GC","3","ID","15","91","1","182","133.96"
"Jugos","CF","2.5","DI","15","55","2.5","110","179.1"
"Refrescos","CF","3.5"," DI","15","55","2.5","110","84"
"Botanas","GC","5.5","ID","15","91","1","273","64.88"
"Refrescos","CF","4.5","DI","15","55","2.5","110","84"
"Alternativas","CF","3","DI","15","55","2.5","110","0"
"Botanas","GC","10","ID","15","91","1","182","133.96"
"Botanas","GC","8","DI","15","91","1","182","133.96"
"Refrescos","CF","4.5"," DI","15","55","2.5","110","84"
"Botanas","GC","4.5","DI","15","91","1","182","133.96"
"Refrescos","CF","6.5","DI","15","55","2.5","110","84"
"Alternativas","CF","2.5","DI","15","55","2.5","110","98.5"
"Refrescos","CF","3.5","DI","15","55","2.5","110","84"
"Botanas","GC","4","DI","15","91","1","182","133.96"
"Alternativas","CF","4","DI","15","55","2.5","110","0.5"
"Alternativas","CF","3","ID","15","55","2.5","55","175.5"
"Refrescos","CF","4","DI","15","55","2.5","110","84"
"Botanas","GC","7","DI","15","91","1","182","133.96"
"Alternativas","CF","3.5","DI","15","55","2.5","110","0"
"Botanas","GC","7","ID","15","91","1","182","133.96"
"Botanas","GC","3.5","DI","15","91","1","182","133.96"
"Botanas","GC","5","DI","15","91","1","182","133.96"
"Refrescos","CF","4","ID","15","55","2.5","110","84"
"Botanas","GC","8","ID","15","91","1","182","133.96"
"Alternativas","CF","3.5","ID","15","55","2.5","110","63.5"
"Botanas","GC","9","DI","15","91","1","182","133.96"
"Refrescos","CF","3"," DI","15","55","2.5","110","84"
"Refrescos","CF","3.5","ID","15","55","2.5","165","0"
"Refrescos","CF","4.5","ID","15","55","2.5","165","0"
"Alternativas","CF","4.5","ID","15","55","2.5","110","81"
"Jugos","CF","2.5","ID","15","55","2.5","110","134.7"
"Refrescos","CF","5"," ID","15","55","2.5","110","84"
"Alternativas","CF","2.5","ID","15","55","2.5","110","98.5"
"Refrescos","CF","5.5","DI","15","55","2.5","110","84"
"Refrescos","CF","5"," DI","15","55","2.5","110","84"
"Botanas","GC","3.5","ID","15","91","1","273","64.88"
"Refrescos","CF","5","DI","15","55","2.5","110","84"
"Jugos","CF","3","DI","15","55","2.5","55","158.08"
"Refrescos","CF","5.5","ID","15","55","2.5","165","0"
"Alternativas","CF","4.5","DI","15","55","2.5","110","0"
"Jugos","CF","2","DI","15","55","2.5","55","146.53"
"Botanas","GC","3","DI","15","91","1","182","133.96"
"Botanas","GC","6","DI","15","91","1","182","133.96"
"Refrescos","CF","3.5"," ID","15","55","2.5","165","0"
"Botanas","GC","6","ID","15","91","1","182","133.96"
"Refrescos","CF","3","ID","15","55","2.5","110","84"
"Refrescos","CF","5","ID","15","55","2.5","110","84"
"Botanas","GC","5","ID","15","91","1","182","133.96"
"Botanas","GC","10","DI","15","91","1","182","133.96"
"Alternativas","CF","4","ID","15","55","2.5","55","175.5"
"Refrescos","CF","4.5"," ID","15","55","2.5","165","0"
"Botanas","GC","5.5","DI","15","91","1","182","133.96"
"Alternativas","CF","3","ID","16","55","2.5","110","0"
"Botanas","GC","4","ID","16","91","1","273","10"
"Alternativas","CF","5","ID","16","55","2.5","110","0.5"
"Refrescos","CF","6","ID","16","55","2.5","110","115.5"
"Refrescos","CF","3"," ID","16","55","2.5","110","115.5"
"Jugos","CF","3","ID","16","55","2.5","110","0"
"Alternativas","CF","4","ID","16","55","2.5","110","0.5"
"Botanas","GC","8","DI","16","91","1","273","10"
"Alternativas","CF","2","ID","16","60.58","2","120","0"
"Alternativas","CF","3.5","ID","16","55","2.5","110","95"
"Botanas","GC","4.5","ID","16","91","1","273","97.9"
"Jugos","CF","2.5","ID","16","55","2.5","110","156.9"
"Refrescos","CF","4.5","DI","16","55","2.5","110","115.5"
"Refrescos","CF","3","ID","16","55","2.5","110","115.5"
"Refrescos","CF","3.5"," DI","16","55","2.5","110","115.5"
"Refrescos","CF","3.5","ID","16","55","2.5","165","42"
"Refrescos","CF","5"," DI","16","55","2.5","110","115.5"
"Alternativas","CF","4","DI","16","55","2.5","110","25"
"Refrescos","CF","4.5"," ID","16","55","2.5","165","42"
"Botanas","GC","4","DI","16","91","1","273","10"
"Botanas","GC","9","DI","16","91","1","273","10"
"Refrescos","CF","6.5","DI","16","55","2.5","110","115.5"
"Refrescos","CF","6.5","ID","16","55","2.5","165","42"
"Refrescos","CF","4","ID","16","55","2.5","110","115.5"
"Botanas","GC","5","ID","16","91","1","273","10"
"Jugos","CF","2","DI","16","55","2.5","55","173"
"Botanas","GC","3.5","ID","16","91","1","273","97.9"
"Alternativas","CF","4.5","DI","16","55","2.5","110","25"
"Refrescos","CF","5","ID","16","55","2.5","110","115.5"
"Refrescos","CF","5.5","ID","16","55","2.5","165","42"
"Alternativas","CF","3.5","DI","16","55","2.5","110","25"
"Botanas","GC","6","DI","16","91","1","273","10"
"Alternativas","CF","3","DI","16","55","2.5","110","32"
"Jugos","CF","2.5","DI","16","55","2.5","165","39"
"Botanas","GC","5.5","ID","16","91","1","273","97.9"
"Refrescos","CF","4.5"," DI","16","55","2.5","110","115.5"
"Jugos","CF","3","DI","16","55","2.5","55","181"
"Refrescos","CF","3.5"," ID","16","55","2.5","165","42"
"Alternativas","CF","2","DI","16","60.58","2","120","0"
"Refrescos","CF","5"," ID","16","55","2.5","110","115.5"
"Botanas","GC","7","ID","16","91","1","273","10"
"Botanas","GC","3.5","DI","16","91","1","273","97.9"
"Refrescos","CF","4.5","ID","16","55","2.5","165","42"
"Botanas","GC","8","ID","16","91","1","273","10"
"Refrescos","CF","3.5","DI","16","55","2.5","110","115.5"
"Botanas","GC","10","ID","16","91","1","273","10"
"Refrescos","CF","3"," DI","16","55","2.5","110","115.5"
"Botanas","GC","10","DI","16","91","1","273","10"
"Alternativas","CF","5","DI","16","55","2.5","110","25"
"Botanas","GC","9","ID","16","91","1","273","10"
"Refrescos","CF","4","DI","16","55","2.5","110","115.5"
"Refrescos","CF","5.5","DI","16","55","2.5","110","115.5"
"Jugos","CF","2","ID","16","55","2.5","55","176.42"
"Alternativas","CF","2.5","ID","16","55","2.5","110","126.5"
"Refrescos","CF","6","DI","16","55","2.5","110","115.5"
"Alternativas","CF","2.5","DI","16","55","2.5","110","126.5"
"Refrescos","CF","5","DI","16","55","2.5","110","115.5"
"Botanas","GC","5","DI","16","91","1","273","10"
"Botanas","GC","6","ID","16","91","1","273","10"
"Botanas","GC","4.5","DI","16","91","1","273","10"
"Alternativas","CF","4.5","ID","16","55","2.5","110","105.5"
"Botanas","GC","5.5","DI","16","91","1","273","10"
"Refrescos","CF","3","DI","16","55","2.5","110","115.5"
"Botanas","GC","7","DI","16","91","1","273","10"
"Botanas","GC","5.5","DI","17","91","1","273","36.94"
"Botanas","GC","4","ID","17","91","1","273","36.94"
"Botanas","GC","3.5","DI","17","91","1","273","133.96"
"Refrescos","CF","3.5"," ID","17","55","2.5","165","84"
"Botanas","GC","6","DI","17","91","1","273","36.94"
"Botanas","GC","4.5","ID","17","91","1","273","133.96"
"Alternativas","CF","4.5","ID","17","55","2.5","110","119.5"
"Refrescos","CF","4.5","DI","17","55","2.5","110","147"
"Alternativas","CF","2","DI","17","18.23","2","120","34"
"Botanas","GC","5","ID","17","91","1","273","36.94"
"Botanas","GC","9","DI","17","91","1","273","36.94"
"Alternativas","CF","5","ID","17","55","2.5","110","25"
"Jugos","CF","3","DI","17","55","2.5","110","0"
"Alternativas","CF","4","ID","17","55","2.5","110","32"
"Alternativas","CF","3.5","ID","17","55","2.5","110","126.5"
"Jugos","CF","2.5","DI","17","55","2.5","165","77.8"
"Refrescos","CF","5.5","DI","17","55","2.5","110","147"
"Refrescos","CF","4.5"," ID","17","55","2.5","165","84"
"Refrescos","CF","3"," DI","17","55","2.5","110","147"
"Refrescos","CF","5"," DI","17","55","2.5","110","147"
"Refrescos","CF","3.5","DI","17","55","2.5","110","147"
"Refrescos","CF","3.5","ID","17","55","2.5","165","84"
"Refrescos","CF","5"," ID","17","55","2.5","110","147"
"Alternativas","CF","4.5","DI","17","55","2.5","110","53"
"Alternativas","CF","4","DI","17","55","2.5","110","49.5"
"Refrescos","CF","5","DI","17","55","2.5","110","147"
"Botanas","GC","4","DI","17","91","1","273","36.94"
"Refrescos","CF","4","DI","17","55","2.5","110","147"
"Botanas","GC","5","DI","17","91","1","273","36.94"
"Botanas","GC","6","ID","17","91","1","273","36.94"
"Refrescos","CF","3"," ID","17","55","2.5","110","147"
"Jugos","CF","3","ID","17","55","2.5","110","32.17"
"Refrescos","CF","6.5","DI","17","55","2.5","110","147"
"Alternativas","CF","2.5","ID","17","55","2.5","110","151"
"Refrescos","CF","6.5","ID","17","55","2.5","165","84"
"Alternativas","CF","3.5","DI","17","55","2.5","110","56.5"
"Botanas","GC","9","ID","17","91","1","273","36.94"
"Botanas","GC","3.5","ID","17","91","1","273","133.96"
"Refrescos","CF","4","ID","17","55","2.5","110","147"
"Alternativas","CF","5","DI","17","55","2.5","110","53"
"Refrescos","CF","4.5"," DI","17","55","2.5","110","147"
"Alternativas","CF","2","ID","17","18.23","2","120","34"
"Refrescos","CF","6","ID","17","55","2.5","110","147"
"Refrescos","CF","3.5"," DI","17","55","2.5","110","147"
"Alternativas","CF","3","DI","17","55","2.5","110","63.5"
"Botanas","GC","10","ID","17","91","1","273","36.94"
"Botanas","GC","5.5","ID","17","91","1","273","133.96"
"Botanas","GC","8","ID","17","91","1","273","36.94"
"Botanas","GC","4.5","DI","17","91","1","273","36.94"
"Refrescos","CF","3","DI","17","55","2.5","110","147"
"Jugos","CF","2.5","ID","17","55","2.5","110","179.1"
"Refrescos","CF","4.5","ID","17","55","2.5","165","84"
"Refrescos","CF","5.5","ID","17","55","2.5","165","84"
"Refrescos","CF","6","DI","17","55","2.5","110","147"
"Botanas","GC","7","ID","17","91","1","273","36.94"
"Alternativas","CF","3","ID","17","55","2.5","110","32"
"Refrescos","CF","3","ID","17","55","2.5","110","147"
"Botanas","GC","10","DI","17","91","1","273","36.94"
"Alternativas","CF","2.5","DI","17","55","2.5","110","154.5"
"Botanas","GC","7","DI","17","91","1","273","36.94"
"Botanas","GC","8","DI","17","91","1","273","36.94"
"Refrescos","CF","5","ID","17","55","2.5","110","147"
"Alternativas","CF","2.5","DI","18","55","2.5","110","175.5"
"Refrescos","CF","4","ID","18","55","2.5","110","175"
"Refrescos","CF","3.5","ID","18","55","2.5","165","115.5"
"Refrescos","CF","6","ID","18","55","2.5","110","175"
"Refrescos","CF","3"," ID","18","55","2.5","110","175"
"Refrescos","CF","6.5","DI","18","55","2.5","110","175"
"Alternativas","CF","5","DI","18","55","2.5","110","81"
"Refrescos","CF","4.5"," DI","18","55","2.5","110","175"
"Refrescos","CF","3","DI","18","55","2.5","110","175"
"Botanas","GC","7","ID","18","91","1","273","64.88"
"Botanas","GC","4.5","ID","18","91","1","364","10"
"Botanas","GC","10","ID","18","91","1","273","64.88"
"Botanas","GC","9","DI","18","91","1","273","64.88"
"Refrescos","CF","5.5","ID","18","55","2.5","165","115.5"
"Botanas","GC","4","DI","18","91","1","273","64.88"
"Refrescos","CF","5"," ID","18","55","2.5","110","175"
"Alternativas","CF","3","ID","18","55","2.5","110","63.5"
"Botanas","GC","5","ID","18","91","1","273","64.88"
"Refrescos","CF","4","DI","18","55","2.5","110","175"
"Refrescos","CF","3.5"," DI","18","55","2.5","110","175"
"Alternativas","CF","3","DI","18","55","2.5","110","95"
"Alternativas","CF","5","ID","18","55","2.5","110","53"
"Alternativas","CF","4.5","DI","18","55","2.5","110","81"
"Refrescos","CF","5","ID","18","55","2.5","110","175"
"Alternativas","CF","3.5","ID","18","55","2.5","110","154.5"
"Botanas","GC","8","DI","18","91","1","273","64.88"
"Refrescos","CF","3.5"," ID","18","55","2.5","165","115.5"
"Jugos","CF","3","DI","18","55","2.5","110","38"
"Refrescos","CF","5","DI","18","55","2.5","110","175"
"Alternativas","CF","4","ID","18","55","2.5","110","63.5"
"Alternativas","CF","3.5","DI","18","55","2.5","110","84.5"
"Botanas","GC","4.5","DI","18","91","1","273","64.88"
"Botanas","GC","6","ID","18","91","1","273","64.88"
"Refrescos","CF","5"," DI","18","55","2.5","110","175"
"Alternativas","CF","2","DI","18","18.86","2","120","68"
"Alternativas","CF","2.5","ID","18","55","2.5","110","172"
"Alternativas","CF","4","DI","18","55","2.5","110","74"
"Botanas","GC","7","DI","18","91","1","273","64.88"
"Refrescos","CF","5.5","DI","18","55","2.5","110","175"
"Refrescos","CF","4.5"," ID","18","55","2.5","165","115.5"
"Jugos","CF","2.5","DI","18","55","2.5","165","111.2"
"Jugos","CF","2.5","ID","18","55","2.5","165","31.1"
"Refrescos","CF","3"," DI","18","55","2.5","110","175"
"Botanas","GC","4","ID","18","91","1","273","64.88"
"Botanas","GC","6","DI","18","91","1","273","64.88"
"Refrescos","CF","4.5","ID","18","55","2.5","165","115.5"
"Botanas","GC","9","ID","18","91","1","273","64.88"
"Refrescos","CF","3","ID","18","55","2.5","110","175"
"Botanas","GC","5.5","DI","18","91","1","273","64.88"
"Botanas","GC","8","ID","18","91","1","273","64.88"
"Alternativas","CF","2","ID","18","18.86","2","120","68"
"Refrescos","CF","6.5","ID","18","55","2.5","165","115.5"
"Botanas","GC","10","DI","18","91","1","273","64.88"
"Jugos","CF","3","ID","18","55","2.5","110","62.44"
"Refrescos","CF","3.5","DI","18","55","2.5","110","175"
"Botanas","GC","5","DI","18","91","1","273","64.88"
"Botanas","GC","5.5","ID","18","91","1","364","10"
"Alternativas","CF","4.5","ID","18","55","2.5","110","147.5"
"Refrescos","CF","4.5","DI","18","55","2.5","110","175"
"Refrescos","CF","6","DI","18","55","2.5","110","175"
"Alternativas","CF","4","DI","19","55","2.5","110","98.5"
"Refrescos","CF","3.5"," ID","19","55","2.5","165","147"
"Botanas","GC","7","DI","19","91","1","273","97.9"
"Alternativas","CF","4.5","DI","19","55","2.5","110","105.5"
"Alternativas","CF","4","ID","19","55","2.5","110","95"
"Refrescos","CF","4.5","DI","19","55","2.5","165","0"
"Refrescos","CF","6.5","DI","19","55","2.5","165","0"
"Botanas","GC","9","DI","19","91","1","273","97.9"
"Botanas","GC","4","DI","19","91","1","273","97.9"
"Jugos","CF","2.5","DI","19","55","2.5","165","140.8"
"Alternativas","CF","3","ID","19","55","2.5","110","95"
"Botanas","GC","5.5","ID","19","91","1","364","36.94"
"Botanas","GC","5.5","DI","19","91","1","273","97.9"
"Botanas","GC","10","ID","19","91","1","273","97.9"
"Refrescos","CF","4.5","ID","19","55","2.5","165","147"
"Alternativas","CF","2.5","DI","19","34.52","2","175","0"
"Refrescos","CF","5.5","ID","19","55","2.5","165","147"
"Refrescos","CF","5","ID","19","55","2.5","165","0"
"Refrescos","CF","3.5","DI","19","55","2.5","165","0"
"Refrescos","CF","3.5"," DI","19","55","2.5","165","0"
"Refrescos","CF","3.5","ID","19","55","2.5","165","147"
"Alternativas","CF","5","DI","19","55","2.5","110","112.5"
"Botanas","GC","4.5","DI","19","91","1","273","97.9"
"Botanas","GC","8","DI","19","91","1","273","97.9"
"Refrescos","CF","5","DI","19","55","2.5","165","0"
"Alternativas","CF","3.5","ID","19","55","2.5","110","175.5"
"Botanas","GC","4","ID","19","91","1","273","97.9"
"Alternativas","CF","5","ID","19","55","2.5","110","81"
"Refrescos","CF","5"," ID","19","55","2.5","165","0"
"Alternativas","CF","3.5","DI","19","55","2.5","110","109"
"Alternativas","CF","2.5","ID","19","34.52","2","175","0"
"Jugos","CF","3","ID","19","55","2.5","110","86.52"
"Refrescos","CF","4","DI","19","55","2.5","165","0"
"Botanas","GC","9","ID","19","91","1","273","97.9"
"Refrescos","CF","4","ID","19","55","2.5","165","0"
"Botanas","GC","10","DI","19","91","1","273","97.9"
"Botanas","GC","8","ID","19","91","1","273","97.9"
"Botanas","GC","5","DI","19","91","1","273","97.9"
"Botanas","GC","5","ID","19","91","1","273","97.9"
"Jugos","CF","2.5","ID","19","55","2.5","165","55.6"
"Alternativas","CF","3","DI","19","55","2.5","110","119.5"
"Refrescos","CF","4.5"," ID","19","55","2.5","165","147"
"Refrescos","CF","5"," DI","19","55","2.5","165","0"
"Refrescos","CF","6","DI","19","55","2.5","165","0"
"Refrescos","CF","5.5","DI","19","55","2.5","165","0"
"Refrescos","CF","4.5"," DI","19","55","2.5","165","0"
"Botanas","GC","6","DI","19","91","1","273","97.9"
"Botanas","GC","6","ID","19","91","1","273","97.9"
"Botanas","GC","7","ID","19","91","1","273","97.9"
"Refrescos","CF","6","ID","19","55","2.5","165","0"
"Refrescos","CF","6.5","ID","19","55","2.5","165","147"
"Botanas","GC","4.5","ID","19","91","1","364","36.94"
"Alternativas","CF","4.5","ID","19","55","2.5","110","175.5"
"Jugos","CF","3","DI","19","55","2.5","110","66.2"
"Botanas","GC","5.5","ID","20","91","1","364","64.88"
"Refrescos","CF","5","ID","20","55","2.5","165","42"
"Botanas","GC","10","ID","20","91","1","273","133.96"
"Botanas","GC","4","ID","20","91","1","273","133.96"
"Botanas","GC","6","DI","20","91","1","273","133.96"
"Jugos","CF","2.5","ID","20","55","2.5","165","77.8"
"Alternativas","CF","4.5","ID","20","55","2.5","165","0"
"Jugos","CF","3","ID","20","55","2.5","110","109.08"
"Botanas","GC","4.5","ID","20","91","1","364","64.88"
"Refrescos","CF","6.5","DI","20","55","2.5","165","42"
"Botanas","GC","9","ID","20","91","1","273","133.96"
"Refrescos","CF","5"," DI","20","55","2.5","165","42"
"Refrescos","CF","5.5","DI","20","55","2.5","165","42"
"Alternativas","CF","4","DI","20","55","2.5","110","112.5"
"Botanas","GC","6","ID","20","91","1","273","133.96"
"Refrescos","CF","4","ID","20","55","2.5","165","42"
"Botanas","GC","5.5","DI","20","91","1","273","133.96"
"Refrescos","CF","4.5"," DI","20","55","2.5","165","42"
"Alternativas","CF","3","DI","20","55","2.5","110","130"
"Refrescos","CF","4.5","DI","20","55","2.5","165","42"
"Refrescos","CF","3.5"," DI","20","55","2.5","165","42"
"Refrescos","CF","5.5","ID","20","55","2.5","165","175"
"Alternativas","CF","5","DI","20","55","2.5","110","144"
"Botanas","GC","9","DI","20","91","1","273","133.96"
"Alternativas","CF","4","ID","20","55","2.5","110","123"
"Botanas","GC","8","DI","20","91","1","273","133.96"
"Alternativas","CF","3","ID","20","55","2.5","110","123"
"Botanas","GC","10","DI","20","91","1","273","133.96"
"Botanas","GC","4.5","DI","20","91","1","273","133.96"
"Refrescos","CF","4.5"," ID","20","55","2.5","165","175"
"Refrescos","CF","4","DI","20","55","2.5","165","42"
"Refrescos","CF","3.5","DI","20","55","2.5","165","42"
"Botanas","GC","5","DI","20","91","1","273","133.96"
"Refrescos","CF","5"," ID","20","55","2.5","165","42"
"Refrescos","CF","5","DI","20","55","2.5","165","42"
"Alternativas","CF","2.5","ID","20","19.97","2","175","34"
"Botanas","GC","4","DI","20","91","1","273","133.96"
"Alternativas","CF","3.5","ID","20","55","2.5","165","0"
"Botanas","GC","7","ID","20","91","1","273","133.96"
"Refrescos","CF","6","ID","20","55","2.5","165","42"
"Refrescos","CF","3.5","ID","20","55","2.5","165","175"
"Alternativas","CF","2.5","DI","20","19.97","2","175","34"
"Refrescos","CF","6.5","ID","20","55","2.5","165","175"
"Jugos","CF","2.5","DI","20","55","2.5","165","170.4"
"Refrescos","CF","6","DI","20","55","2.5","165","42"
"Botanas","GC","8","ID","20","91","1","273","133.96"
"Refrescos","CF","4.5","ID","20","55","2.5","165","175"
"Botanas","GC","7","DI","20","91","1","273","133.96"
"Alternativas","CF","4.5","DI","20","55","2.5","110","119.5"
"Alternativas","CF","5","ID","20","55","2.5","110","112.5"
"Botanas","GC","5","ID","20","91","1","273","133.96"
"Alternativas","CF","3.5","DI","20","55","2.5","110","123"
"Jugos","CF","3","DI","20","55","2.5","110","94.4"
"Refrescos","CF","3.5"," ID","20","55","2.5","165","175"
"Alternativas","CF","3.5","ID","21","55","2.5","165","32"
"Alternativas","CF","4.5","ID","21","55","2.5","165","32"
"Botanas","GC","8","ID","21","91","1","364","10"
"Botanas","GC","5","ID","21","91","1","364","10"
"Jugos","CF","3","DI","21","55","2.5","110","121.4"
"Refrescos","CF","4","ID","21","55","2.5","165","84"
"Botanas","GC","10","ID","21","91","1","364","10"
"Botanas","GC","5.5","DI","21","91","1","364","10"
"Alternativas","CF","3.5","DI","21","55","2.5","110","147.5"
"Botanas","GC","4.5","ID","21","91","1","364","97.9"
"Alternativas","CF","5","DI","21","55","2.5","110","172"
"Alternativas","CF","2.5","DI","21","19.63","2","175","68"
"Refrescos","CF","6","ID","21","55","2.5","165","84"
"Botanas","GC","8","DI","21","91","1","364","10"
"Refrescos","CF","4","DI","21","55","2.5","165","84"
"Botanas","GC","7","DI","21","91","1","364","10"
"Refrescos","CF","5","ID","21","55","2.5","165","84"
"Botanas","GC","4.5","DI","21","91","1","364","97.9"
"Refrescos","CF","5"," ID","21","55","2.5","165","84"
"Alternativas","CF","2.5","ID","21","19.63","2","175","68"
"Alternativas","CF","5","ID","21","55","2.5","110","144"
"Refrescos","CF","6.5","ID","21","55","2.5","220","0"
"Refrescos","CF","5","DI","21","55","2.5","165","84"
"Botanas","GC","9","DI","21","91","1","364","10"
"Refrescos","CF","4.5","ID","21","55","2.5","220","0"
"Refrescos","CF","4.5","DI","21","55","2.5","165","84"
"Refrescos","CF","6","DI","21","55","2.5","165","84"
"Botanas","GC","9","ID","21","91","1","364","10"
"Alternativas","CF","3","ID","21","55","2.5","110","147.5"
"Botanas","GC","7","ID","21","91","1","364","10"
"Botanas","GC","5.5","ID","21","91","1","364","97.9"
"Refrescos","CF","5.5","ID","21","55","2.5","220","0"
"Botanas","GC","6","ID","21","91","1","364","10"
"Alternativas","CF","4","ID","21","55","2.5","110","151"
"Refrescos","CF","4.5"," ID","21","55","2.5","220","0"
"Alternativas","CF","4","DI","21","55","2.5","110","144"
"Botanas","GC","10","DI","21","91","1","364","10"
"Refrescos","CF","5.5","DI","21","55","2.5","165","84"
"Jugos","CF","3","ID","21","55","2.5","110","134.34"
"Botanas","GC","6","DI","21","91","1","364","10"
"Refrescos","CF","5"," DI","21","55","2.5","165","84"
"Alternativas","CF","3","DI","21","55","2.5","110","151"
"Botanas","GC","5","DI","21","91","1","364","10"
"Refrescos","CF","4.5"," DI","21","55","2.5","165","84"
"Alternativas","CF","4.5","DI","21","55","2.5","110","147.5"
"Refrescos","CF","6.5","DI","21","55","2.5","165","84"
"Jugos","CF","3","DI","22","55","2.5","110","149.4"
"Botanas","GC","6","DI","22","91","1","364","36.94"
"Refrescos","CF","6","DI","22","55","2.5","165","115.5"
"Botanas","GC","10","ID","22","91","1","364","36.94"
"Refrescos","CF","6","ID","22","55","2.5","165","115.5"
"Botanas","GC","4.5","DI","22","91","1","364","133.96"
"Refrescos","CF","5"," DI","22","55","2.5","165","115.5"
"Refrescos","CF","4","DI","22","55","2.5","165","115.5"
"Botanas","GC","8","DI","22","91","1","364","36.94"
"Alternativas","CF","4","ID","22","55","2.5","110","175.5"
"Alternativas","CF","3","ID","22","55","2.5","110","175.5"
"Botanas","GC","10","DI","22","91","1","364","36.94"
"Alternativas","CF","2.5","ID","22","60.34","2","175","102"
"Alternativas","CF","5","DI","22","55","2.5","165","0.5"
"Refrescos","CF","4.5","ID","22","55","2.5","220","42"
"Botanas","GC","5","ID","22","91","1","364","36.94"
"Alternativas","CF","3.5","DI","22","55","2.5","110","168.5"
"Jugos","CF","3","ID","22","55","2.5","110","152.36"
"Botanas","GC","7","ID","22","91","1","364","36.94"
"Alternativas","CF","5","ID","22","55","2.5","110","172"
"Refrescos","CF","5","ID","22","55","2.5","165","115.5"
"Alternativas","CF","2.5","DI","22","60.34","2","175","102"
"Alternativas","CF","4.5","DI","22","55","2.5","110","175.5"
"Botanas","GC","9","ID","22","91","1","364","36.94"
"Botanas","GC","8","ID","22","91","1","364","36.94"
"Refrescos","CF","4.5","DI","22","55","2.5","165","115.5"
"Refrescos","CF","6.5","ID","22","55","2.5","220","42"
"Botanas","GC","6","ID","22","91","1","364","36.94"
"Refrescos","CF","5.5","DI","22","55","2.5","165","115.5"
"Botanas","GC","9","DI","22","91","1","364","36.94"
"Botanas","GC","5.5","DI","22","91","1","364","36.94"
"Refrescos","CF","5.5","ID","22","55","2.5","220","42"
"Alternativas","CF","4","DI","22","55","2.5","110","175.5"
"Alternativas","CF","4.5","ID","22","55","2.5","165","67"
"Botanas","GC","5.5","ID","22","91","1","364","133.96"
"Alternativas","CF","3","DI","22","55","2.5","110","175.5"
"Botanas","GC","4.5","ID","22","91","1","364","133.96"
"Refrescos","CF","6.5","DI","22","55","2.5","165","115.5"
"Refrescos","CF","5","DI","22","55","2.5","165","115.5"
"Botanas","GC","7","DI","22","91","1","364","36.94"
"Refrescos","CF","5"," ID","22","55","2.5","165","115.5"
"Refrescos","CF","4","ID","22","55","2.5","165","115.5"
"Alternativas","CF","3.5","ID","22","55","2.5","165","63.5"
"Botanas","GC","5","DI","22","91","1","364","36.94"
"Refrescos","CF","4.5"," ID","22","55","2.5","220","42"
"Refrescos","CF","4.5"," DI","22","55","2.5","165","115.5"
"Botanas","GC","8","ID","23","91","1","364","64.88"
"Refrescos","CF","6","DI","23","55","2.5","165","147"
"Alternativas","CF","4","DI","23","55","2.5","165","0.5"
"Alternativas","CF","4.5","ID","23","55","2.5","165","98.5"
"Botanas","GC","6","DI","23","91","1","364","64.88"
"Alternativas","CF","3.5","DI","23","55","2.5","165","98.5"
"Botanas","GC","7","ID","23","91","1","364","64.88"
"Alternativas","CF","3","DI","23","30.25","2","175","0"
"Refrescos","CF","5"," ID","23","55","2.5","165","147"
"Refrescos","CF","5"," DI","23","55","2.5","165","147"
"Botanas","GC","10","DI","23","91","1","364","64.88"
"Refrescos","CF","4.5"," ID","23","55","2.5","220","84"
"Refrescos","CF","4","DI","23","55","2.5","165","147"
"Alternativas","CF","2.5","DI","23","18.45","2","175","136"
"Alternativas","CF","3.5","ID","23","55","2.5","165","95"
"Refrescos","CF","4.5"," DI","23","55","2.5","165","147"
"Botanas","GC","5","ID","23","91","1","364","64.88"
"Botanas","GC","9","DI","23","91","1","364","64.88"
"Botanas","GC","6","ID","23","91","1","364","64.88"
"Alternativas","CF","4","ID","23","55","2.5","165","0.5"
"Refrescos","CF","5","ID","23","55","2.5","165","147"
"Refrescos","CF","4.5","ID","23","55","2.5","220","84"
"Alternativas","CF","4.5","DI","23","55","2.5","165","0"
"Botanas","GC","5.5","ID","23","91","1","455","10"
"Alternativas","CF","5","DI","23","55","2.5","165","25"
"Refrescos","CF","6","ID","23","55","2.5","165","147"
"Refrescos","CF","6.5","ID","23","55","2.5","220","84"
"Botanas","GC","9","ID","23","91","1","364","64.88"
"Refrescos","CF","5.5","DI","23","55","2.5","165","147"
"Refrescos","CF","5.5","ID","23","55","2.5","220","84"
"Alternativas","CF","2.5","ID","23","18.45","2","175","136"
"Botanas","GC","10","ID","23","91","1","364","64.88"
"Alternativas","CF","5","ID","23","55","2.5","165","0.5"
"Refrescos","CF","4.5","DI","23","55","2.5","165","147"
"Alternativas","CF","3","ID","23","30.25","2","175","0"
"Botanas","GC","5","DI","23","91","1","364","64.88"
"Botanas","GC","8","DI","23","91","1","364","64.88"
"Refrescos","CF","5","DI","23","55","2.5","165","147"
"Refrescos","CF","4","ID","23","55","2.5","165","147"
"Jugos","CF","3","ID","23","55","2.5","110","176.42"
"Botanas","GC","5.5","DI","23","91","1","364","64.88"
"Refrescos","CF","6.5","DI","23","55","2.5","165","147"
"Botanas","GC","7","DI","23","91","1","364","64.88"
"Jugos","CF","3","DI","23","55","2.5","110","176.4"
"Refrescos","CF","4.5","DI","24","55","2.5","165","175"
"Alternativas","CF","4","DI","24","55","2.5","165","32"
"Botanas","GC","6","DI","24","91","1","364","97.9"
"Refrescos","CF","4.5","ID","24","55","2.5","220","115.5"
"Botanas","GC","5.5","ID","24","91","1","455","36.94"
"Botanas","GC","10","ID","24","91","1","364","97.9"
"Botanas","GC","10","DI","24","91","1","364","97.9"
"Refrescos","CF","6","ID","24","55","2.5","165","175"
"Botanas","GC","7","DI","24","91","1","364","97.9"
"Alternativas","CF","3.5","ID","24","55","2.5","165","123"
"Refrescos","CF","6","DI","24","55","2.5","165","175"
"Botanas","GC","6","ID","24","91","1","364","97.9"
"Botanas","GC","5.5","DI","24","91","1","364","97.9"
"Refrescos","CF","6.5","DI","24","55","2.5","165","175"
"Refrescos","CF","5.5","ID","24","55","2.5","220","115.5"
"Alternativas","CF","3","DI","24","97.34","2","175","34"
"Botanas","GC","9","ID","24","91","1","364","97.9"
"Refrescos","CF","5","DI","24","55","2.5","165","175"
"Alternativas","CF","5","DI","24","55","2.5","165","49.5"
"Alternativas","CF","3","ID","24","97.34","2","175","34"
"Botanas","GC","5","ID","24","91","1","364","97.9"
"Refrescos","CF","5"," ID","24","55","2.5","165","175"
"Alternativas","CF","3.5","DI","24","55","2.5","165","126.5"
"Alternativas","CF","4.5","ID","24","55","2.5","165","123"
"Refrescos","CF","4.5"," ID","24","55","2.5","220","115.5"
"Refrescos","CF","4.5"," DI","24","55","2.5","165","175"
"Botanas","GC","9","DI","24","91","1","364","97.9"
"Botanas","GC","8","ID","24","91","1","364","97.9"
"Alternativas","CF","4","ID","24","55","2.5","165","32"
"Alternativas","CF","5","ID","24","55","2.5","165","28.5"
"Botanas","GC","5","DI","24","91","1","364","97.9"
"Refrescos","CF","4","DI","24","55","2.5","165","175"
"Refrescos","CF","6.5","ID","24","55","2.5","220","115.5"
"Botanas","GC","8","DI","24","91","1","364","97.9"
"Alternativas","CF","4.5","DI","24","55","2.5","165","32"
"Refrescos","CF","4","ID","24","55","2.5","165","175"
"Refrescos","CF","5"," DI","24","55","2.5","165","175"
"Refrescos","CF","5","ID","24","55","2.5","165","175"
"Refrescos","CF","5.5","DI","24","55","2.5","165","175"
"Botanas","GC","7","ID","24","91","1","364","97.9"
"Botanas","GC","9","ID","25","91","1","364","133.96"
"Refrescos","CF","6","ID","25","55","2.5","220","0"
"Botanas","GC","8","DI","25","91","1","364","133.96"
"Alternativas","CF","4","ID","25","55","2.5","165","63.5"
"Refrescos","CF","4.5","DI","25","55","2.5","220","0"
"Refrescos","CF","6","DI","25","55","2.5","220","0"
"Botanas","GC","7","ID","25","91","1","364","133.96"
"Botanas","GC","10","ID","25","91","1","364","133.96"
"Refrescos","CF","6.5","ID","25","55","2.5","220","147"
"Alternativas","CF","3.5","ID","25","55","2.5","165","147.5"
"Refrescos","CF","5","ID","25","55","2.5","220","0"
"Botanas","GC","7","DI","25","91","1","364","133.96"
"Botanas","GC","9","DI","25","91","1","364","133.96"
"Refrescos","CF","4.5"," ID","25","55","2.5","220","147"
"Refrescos","CF","4.5","ID","25","55","2.5","220","147"
"Alternativas","CF","3","ID","25","20.3","2","175","68"
"Refrescos","CF","4.5"," DI","25","55","2.5","220","0"
"Botanas","GC","10","DI","25","91","1","364","133.96"
"Botanas","GC","5.5","DI","25","91","1","364","133.96"
"Alternativas","CF","5","DI","25","55","2.5","165","74"
"Botanas","GC","6","DI","25","91","1","364","133.96"
"Refrescos","CF","5"," DI","25","55","2.5","220","0"
"Alternativas","CF","4","DI","25","55","2.5","165","63.5"
"Botanas","GC","5.5","ID","25","91","1","455","64.88"
"Alternativas","CF","4.5","ID","25","55","2.5","165","151"
"Alternativas","CF","3.5","DI","25","55","2.5","165","154.5"
"Alternativas","CF","3","DI","25","20.3","2","175","68"
"Botanas","GC","5","ID","25","91","1","364","133.96"
"Refrescos","CF","5","DI","25","55","2.5","220","0"
"Botanas","GC","5","DI","25","91","1","364","133.96"
"Refrescos","CF","6.5","DI","25","55","2.5","220","0"
"Botanas","GC","8","ID","25","91","1","364","133.96"
"Alternativas","CF","5","ID","25","55","2.5","165","56.5"
"Refrescos","CF","5"," ID","25","55","2.5","220","0"
"Alternativas","CF","4.5","DI","25","55","2.5","165","63.5"
"Refrescos","CF","5.5","ID","25","55","2.5","220","147"
"Botanas","GC","6","ID","25","91","1","364","133.96"
"Refrescos","CF","5.5","DI","25","55","2.5","220","0"
"Refrescos","CF","5","DI","26","55","2.5","220","42"
"Botanas","GC","5.5","DI","26","91","1","455","97.9"
"Alternativas","CF","3.5","ID","26","55","2.5","165","175.5"
"Alternativas","CF","4.5","DI","26","55","2.5","165","95"
"Alternativas","CF","4","DI","26","55","2.5","165","95"
"Refrescos","CF","4.5","DI","26","55","2.5","220","42"
"Botanas","GC","10","ID","26","91","1","455","10"
"Refrescos","CF","4.5","ID","26","55","2.5","220","175"
"Botanas","GC","9","DI","26","91","1","455","10"
"Refrescos","CF","6.5","ID","26","55","2.5","220","175"
"Refrescos","CF","4.5"," DI","26","55","2.5","220","42"
"Botanas","GC","5.5","ID","26","91","1","455","97.9"
"Botanas","GC","8","ID","26","91","1","455","10"
"Refrescos","CF","5","ID","26","55","2.5","220","42"
"Alternativas","CF","3.5","DI","26","55","2.5","165","178.5"
"Refrescos","CF","5"," ID","26","55","2.5","220","42"
"Alternativas","CF","3","ID","26","19.09","2","175","102"
"Alternativas","CF","5","ID","26","55","2.5","165","84.5"
"Botanas","GC","7","ID","26","91","1","455","10"
"Refrescos","CF","5.5","ID","26","55","2.5","220","175"
"Refrescos","CF","5.5","DI","26","55","2.5","220","42"
"Botanas","GC","9","ID","26","91","1","455","10"
"Alternativas","CF","4","ID","26","55","2.5","165","95"
"Refrescos","CF","5"," DI","26","55","2.5","220","42"
"Alternativas","CF","4.5","ID","26","55","2.5","165","175.5"
"Alternativas","CF","3","DI","26","19.09","2","175","102"
"Botanas","GC","6","ID","26","91","1","455","10"
"Refrescos","CF","6","ID","26","55","2.5","220","42"
"Botanas","GC","6","DI","26","91","1","455","10"
"Refrescos","CF","4.5"," ID","26","55","2.5","220","175"
"Botanas","GC","10","DI","26","91","1","455","10"
"Alternativas","CF","5","DI","26","55","2.5","165","98.5"
"Botanas","GC","7","DI","26","91","1","455","10"
"Refrescos","CF","6","DI","26","55","2.5","220","42"
"Botanas","GC","8","DI","26","91","1","455","10"
"Refrescos","CF","6.5","DI","26","55","2.5","220","42"
"Alternativas","CF","4.5","DI","27","55","2.5","165","123"
"Botanas","GC","6","DI","27","91","1","455","36.94"
"Refrescos","CF","5","DI","27","55","2.5","220","84"
"Botanas","GC","10","DI","27","91","1","455","36.94"
"Botanas","GC","5.5","ID","27","91","1","455","133.96"
"Botanas","GC","9","ID","27","91","1","455","36.94"
"Botanas","GC","5.5","DI","27","91","1","455","133.96"
"Botanas","GC","10","ID","27","91","1","455","36.94"
"Botanas","GC","8","ID","27","91","1","455","36.94"
"Refrescos","CF","6","DI","27","55","2.5","220","84"
"Alternativas","CF","4.5","ID","27","55","2.5","220","0"
"Alternativas","CF","3.5","ID","27","65.9","2","230","0"
"Refrescos","CF","6.5","ID","27","55","2.5","275","0"
"Alternativas","CF","4","DI","27","55","2.5","165","123"
"Refrescos","CF","5"," DI","27","55","2.5","220","84"
"Refrescos","CF","6","ID","27","55","2.5","220","84"
"Botanas","GC","7","ID","27","91","1","455","36.94"
"Botanas","GC","7","DI","27","91","1","455","36.94"
"Alternativas","CF","3","DI","27","18.13","2","175","136"
"Botanas","GC","8","DI","27","91","1","455","36.94"
"Alternativas","CF","3","ID","27","18.13","2","175","136"
"Botanas","GC","6","ID","27","91","1","455","36.94"
"Alternativas","CF","4","ID","27","55","2.5","165","123"
"Refrescos","CF","6.5","DI","27","55","2.5","220","84"
"Refrescos","CF","5.5","DI","27","55","2.5","220","84"
"Alternativas","CF","5","DI","27","55","2.5","165","112.5"
"Refrescos","CF","5.5","ID","27","55","2.5","275","0"
"Refrescos","CF","5","ID","27","55","2.5","220","84"
"Refrescos","CF","5"," ID","27","55","2.5","220","84"
"Alternativas","CF","3.5","DI","27","65.9","2","230","0"
"Botanas","GC","9","DI","27","91","1","455","36.94"
"Alternativas","CF","5","ID","27","55","2.5","165","119.5"
"Alternativas","CF","5","DI","28","55","2.5","165","144"
"Alternativas","CF","4.5","ID","28","55","2.5","220","32"
"Refrescos","CF","5.5","DI","28","55","2.5","220","115.5"
"Botanas","GC","9","DI","28","91","1","455","64.88"
"Alternativas","CF","5","ID","28","55","2.5","165","151"
"Refrescos","CF","5.5","ID","28","55","2.5","275","42"
"Botanas","GC","6","DI","28","91","1","455","64.88"
"Botanas","GC","7","ID","28","91","1","455","64.88"
"Alternativas","CF","4","ID","28","55","2.5","165","147.5"
"Botanas","GC","8","ID","28","91","1","455","64.88"
"Refrescos","CF","6.5","DI","28","55","2.5","220","115.5"
"Refrescos","CF","5"," DI","28","55","2.5","220","115.5"
"Botanas","GC","6","ID","28","91","1","455","64.88"
"Botanas","GC","8","DI","28","91","1","455","64.88"
"Botanas","GC","7","DI","28","91","1","455","64.88"
"Refrescos","CF","6","ID","28","55","2.5","220","115.5"
"Refrescos","CF","6","DI","28","55","2.5","220","115.5"
"Alternativas","CF","3.5","DI","28","18.83","2","230","34"
"Botanas","GC","10","DI","28","91","1","455","64.88"
"Alternativas","CF","4.5","DI","28","55","2.5","165","151"
"Alternativas","CF","4","DI","28","55","2.5","165","147.5"
"Botanas","GC","9","ID","28","91","1","455","64.88"
"Refrescos","CF","5","ID","28","55","2.5","220","115.5"
"Alternativas","CF","3.5","ID","28","18.83","2","230","34"
"Refrescos","CF","6.5","ID","28","55","2.5","275","42"
"Refrescos","CF","5","DI","28","55","2.5","220","115.5"
"Botanas","GC","10","ID","28","91","1","455","64.88"
"Refrescos","CF","5"," ID","28","55","2.5","220","115.5"
"Botanas","GC","7","DI","29","91","1","455","97.9"
"Refrescos","CF","5"," ID","29","55","2.5","220","147"
"Botanas","GC","8","DI","29","91","1","455","97.9"
"Refrescos","CF","6","ID","29","55","2.5","220","147"
"Botanas","GC","9","ID","29","91","1","455","97.9"
"Alternativas","CF","4","ID","29","55","2.5","165","172"
"Botanas","GC","8","ID","29","91","1","455","97.9"
"Botanas","GC","6","DI","29","91","1","455","97.9"
"Alternativas","CF","3.5","ID","29","19.09","2","230","68"
"Botanas","GC","6","ID","29","91","1","455","97.9"
"Alternativas","CF","4.5","DI","29","55","2.5","165","175.5"
"Alternativas","CF","4.5","ID","29","55","2.5","220","63.5"
"Botanas","GC","10","DI","29","91","1","455","97.9"
"Refrescos","CF","6.5","ID","29","55","2.5","275","84"
"Refrescos","CF","5.5","DI","29","55","2.5","220","147"
"Botanas","GC","7","ID","29","91","1","455","97.9"
"Alternativas","CF","5","DI","29","55","2.5","165","172"
"Refrescos","CF","5","ID","29","55","2.5","220","147"
"Botanas","GC","9","DI","29","91","1","455","97.9"
"Refrescos","CF","6.5","DI","29","55","2.5","220","147"
"Alternativas","CF","5","ID","29","55","2.5","165","175.5"
"Refrescos","CF","5","DI","29","55","2.5","220","147"
"Botanas","GC","10","ID","29","91","1","455","97.9"
"Alternativas","CF","3.5","DI","29","19.09","2","230","68"
"Alternativas","CF","4","DI","29","55","2.5","165","172"
"Refrescos","CF","5"," DI","29","55","2.5","220","147"
"Refrescos","CF","6","DI","29","55","2.5","220","147"
"Refrescos","CF","5.5","ID","29","55","2.5","275","84"
"Refrescos","CF","5.5","ID","30","55","2.5","275","115.5"
"Botanas","GC","9","DI","30","91","1","455","133.96"
"Refrescos","CF","5"," ID","30","55","2.5","220","175"
"Refrescos","CF","5"," DI","30","55","2.5","220","175"
"Alternativas","CF","4.5","DI","30","55","2.5","220","98.5"
"Alternativas","CF","4","DI","30","18.29","2","230","0"
"Botanas","GC","7","DI","30","91","1","455","133.96"
"Botanas","GC","7","ID","30","91","1","455","133.96"
"Refrescos","CF","5.5","DI","30","55","2.5","220","175"
"Alternativas","CF","5","ID","30","55","2.5","220","0.5"
"Alternativas","CF","3.5","ID","30","19.16","2","230","102"
"Refrescos","CF","6","ID","30","55","2.5","220","175"
"Alternativas","CF","3.5","DI","30","19.16","2","230","102"
"Botanas","GC","6","DI","30","91","1","455","133.96"
"Botanas","GC","6","ID","30","91","1","455","133.96"
"Botanas","GC","9","ID","30","91","1","455","133.96"
"Refrescos","CF","5","ID","30","55","2.5","220","175"
"Alternativas","CF","4","ID","30","18.29","2","230","0"
"Refrescos","CF","5","DI","30","55","2.5","220","175"
"Alternativas","CF","4.5","ID","30","55","2.5","220","95"
"Refrescos","CF","6.5","ID","30","55","2.5","275","115.5"
"Botanas","GC","10","DI","30","91","1","455","133.96"
"Alternativas","CF","5","DI","30","55","2.5","220","0.5"
"Botanas","GC","10","ID","30","91","1","455","133.96"
"Refrescos","CF","6","DI","30","55","2.5","220","175"
"Botanas","GC","8","DI","30","91","1","455","133.96"
"Botanas","GC","8","ID","30","91","1","455","133.96"
"Refrescos","CF","6.5","DI","30","55","2.5","220","175"
"Alternativas","CF","3.5","DI","31","42.66","2","230","136"
"Botanas","GC","9","ID","31","91","1","546","10"
"Botanas","GC","8","ID","31","91","1","546","10"
"Refrescos","CF","5.5","ID","31","55","2.5","275","147"
"Alternativas","CF","5","ID","31","55","2.5","220","32"
"Botanas","GC","8","DI","31","91","1","546","10"
"Refrescos","CF","6.5","DI","31","55","2.5","275","0"
"Alternativas","CF","3.5","ID","31","42.66","2","230","136"
"Alternativas","CF","4.5","DI","31","55","2.5","220","126.5"
"Refrescos","CF","5.5","DI","31","55","2.5","275","0"
"Refrescos","CF","6","DI","31","55","2.5","275","0"
"Botanas","GC","7","ID","31","91","1","546","10"
"Alternativas","CF","5","DI","31","55","2.5","220","32"
"Alternativas","CF","4","ID","31","126","2","230","34"
"Refrescos","CF","6.5","ID","31","55","2.5","275","147"
"Botanas","GC","9","DI","31","91","1","546","10"
"Botanas","GC","10","DI","31","91","1","546","10"
"Botanas","GC","10","ID","31","91","1","546","10"
"Botanas","GC","7","DI","31","91","1","546","10"
"Alternativas","CF","4.5","ID","31","55","2.5","220","123"
"Alternativas","CF","4","DI","31","126","2","230","34"
"Refrescos","CF","6","ID","31","55","2.5","275","0"
"Botanas","GC","10","DI","32","91","1","546","36.94"
"Alternativas","CF","4","ID","32","17.79","2","230","68"
"Alternativas","CF","5","DI","32","55","2.5","220","63.5"
"Refrescos","CF","6.5","DI","32","55","2.5","275","42"
"Botanas","GC","9","DI","32","91","1","546","36.94"
"Botanas","GC","9","ID","32","91","1","546","36.94"
"Alternativas","CF","5","ID","32","55","2.5","220","63.5"
"Refrescos","CF","5.5","DI","32","55","2.5","275","42"
"Alternativas","CF","4.5","ID","32","55","2.5","220","147.5"
"Botanas","GC","8","ID","32","91","1","546","36.94"
"Botanas","GC","10","ID","32","91","1","546","36.94"
"Alternativas","CF","4","DI","32","17.79","2","230","68"
"Refrescos","CF","5.5","ID","32","55","2.5","275","175"
"Botanas","GC","7","ID","32","91","1","546","36.94"
"Refrescos","CF","6","ID","32","55","2.5","275","42"
"Refrescos","CF","6","DI","32","55","2.5","275","42"
"Alternativas","CF","4.5","DI","32","55","2.5","220","154.5"
"Botanas","GC","7","DI","32","91","1","546","36.94"
"Refrescos","CF","6.5","ID","32","55","2.5","275","175"
"Botanas","GC","8","DI","32","91","1","546","36.94"
"Botanas","GC","10","ID","33","91","1","546","64.88"
"Alternativas","CF","5","ID","33","55","2.5","220","95"
"Botanas","GC","9","DI","33","91","1","546","64.88"
"Refrescos","CF","6.5","ID","33","55","2.5","330","0"
"Botanas","GC","10","DI","33","91","1","546","64.88"
"Alternativas","CF","4","ID","33","18.26","2","230","102"
"Alternativas","CF","4","DI","33","18.26","2","230","102"
"Refrescos","CF","6","DI","33","55","2.5","275","84"
"Alternativas","CF","4.5","ID","33","55","2.5","220","175.5"
"Botanas","GC","7","ID","33","91","1","546","64.88"
"Botanas","GC","9","ID","33","91","1","546","64.88"
"Alternativas","CF","5","DI","33","55","2.5","220","95"
"Botanas","GC","8","ID","33","91","1","546","64.88"
"Refrescos","CF","6.5","DI","33","55","2.5","275","84"
"Botanas","GC","7","DI","33","91","1","546","64.88"
"Botanas","GC","8","DI","33","91","1","546","64.88"
"Refrescos","CF","6","ID","33","55","2.5","275","84"
"Alternativas","CF","4.5","DI","33","55","2.5","220","178.5"
"Refrescos","CF","6.5","DI","34","55","2.5","275","115.5"
"Botanas","GC","9","ID","34","91","1","546","97.9"
"Refrescos","CF","6","ID","34","55","2.5","275","115.5"
"Botanas","GC","10","ID","34","91","1","546","97.9"
"Alternativas","CF","4.5","ID","34","126.9","2","285","0"
"Botanas","GC","7","DI","34","91","1","546","97.9"
"Refrescos","CF","6.5","ID","34","55","2.5","330","42"
"Botanas","GC","7","ID","34","91","1","546","97.9"
"Alternativas","CF","4.5","DI","34","126.9","2","285","0"
"Botanas","GC","9","DI","34","91","1","546","97.9"
"Alternativas","CF","5","DI","34","55","2.5","220","123"
"Botanas","GC","8","DI","34","91","1","546","97.9"
"Refrescos","CF","6","DI","34","55","2.5","275","115.5"
"Botanas","GC","10","DI","34","91","1","546","97.9"
"Alternativas","CF","5","ID","34","55","2.5","220","123"
"Botanas","GC","8","ID","34","91","1","546","97.9"
"Botanas","GC","8","ID","35","91","1","546","133.96"
"Botanas","GC","9","DI","35","91","1","546","133.96"
"Refrescos","CF","6.5","DI","35","55","2.5","275","147"
"Refrescos","CF","6","ID","35","55","2.5","275","147"
"Botanas","GC","10","DI","35","91","1","546","133.96"
"Alternativas","CF","5","ID","35","55","2.5","220","147.5"
"Botanas","GC","9","ID","35","91","1","546","133.96"
"Alternativas","CF","5","DI","35","55","2.5","220","147.5"
"Botanas","GC","7","ID","35","91","1","546","133.96"
"Refrescos","CF","6","DI","35","55","2.5","275","147"
"Botanas","GC","8","DI","35","91","1","546","133.96"
"Alternativas","CF","4.5","ID","35","32.44","2","285","34"
"Botanas","GC","10","ID","35","91","1","546","133.96"
"Botanas","GC","7","DI","35","91","1","546","133.96"
"Alternativas","CF","4.5","DI","35","32.44","2","285","34"
"Refrescos","CF","6.5","ID","35","55","2.5","330","84"
"Alternativas","CF","5","DI","36","55","2.5","220","172"
"Botanas","GC","10","DI","36","91","1","637","10"
"Botanas","GC","9","DI","36","91","1","637","10"
"Refrescos","CF","6.5","DI","36","55","2.5","275","175"
"Alternativas","CF","4.5","DI","36","18","2","285","68"
"Botanas","GC","8","ID","36","91","1","637","10"
"Refrescos","CF","6","DI","36","55","2.5","275","175"
"Refrescos","CF","6","ID","36","55","2.5","275","175"
"Alternativas","CF","4.5","ID","36","18","2","285","68"
"Botanas","GC","10","ID","36","91","1","637","10"
"Refrescos","CF","6.5","ID","36","55","2.5","330","115.5"
"Botanas","GC","8","DI","36","91","1","637","10"
"Botanas","GC","9","ID","36","91","1","637","10"
"Alternativas","CF","5","ID","36","55","2.5","220","172"
"Alternativas","CF","5","ID","37","98.89","2","285","0"
"Alternativas","CF","4.5","ID","37","18.6","2","285","102"
"Refrescos","CF","6.5","DI","37","55","2.5","330","0"
"Botanas","GC","9","ID","37","91","1","637","36.94"
"Alternativas","CF","4.5","DI","37","18.6","2","285","102"
"Botanas","GC","10","ID","37","91","1","637","36.94"
"Alternativas","CF","5","DI","37","98.89","2","285","0"
"Refrescos","CF","6.5","ID","37","55","2.5","330","147"
"Botanas","GC","9","DI","37","91","1","637","36.94"
"Botanas","GC","8","DI","37","91","1","637","36.94"
"Botanas","GC","10","DI","37","91","1","637","36.94"
"Botanas","GC","8","ID","37","91","1","637","36.94"
"Botanas","GC","8","DI","38","91","1","637","64.88"
"Botanas","GC","8","ID","38","91","1","637","64.88"
"Botanas","GC","9","DI","38","91","1","637","64.88"
"Botanas","GC","10","DI","38","91","1","637","64.88"
"Alternativas","CF","5","DI","38","18.26","2","285","34"
"Botanas","GC","9","ID","38","91","1","637","64.88"
"Refrescos","CF","6.5","ID","38","55","2.5","330","175"
"Refrescos","CF","6.5","DI","38","55","2.5","330","42"
"Botanas","GC","10","ID","38","91","1","637","64.88"
"Alternativas","CF","5","ID","38","18.26","2","285","34"
"Botanas","GC","10","DI","39","91","1","637","97.9"
"Botanas","GC","8","DI","39","91","1","637","97.9"
"Botanas","GC","9","ID","39","91","1","637","97.9"
"Alternativas","CF","5","ID","39","19.29","2","285","68"
"Botanas","GC","8","ID","39","91","1","637","97.9"
"Alternativas","CF","5","DI","39","19.29","2","285","68"
"Botanas","GC","9","DI","39","91","1","637","97.9"
"Botanas","GC","10","ID","39","91","1","637","97.9"
"Botanas","GC","8","ID","40","91","1","637","133.96"
"Botanas","GC","9","ID","40","91","1","637","133.96"
"Alternativas","CF","5","DI","40","19.28","2","285","102"
"Botanas","GC","8","DI","40","91","1","637","133.96"
"Alternativas","CF","5","ID","40","19.28","2","285","102"
"Botanas","GC","9","DI","40","91","1","637","133.96"
"Botanas","GC","10","DI","40","91","1","637","133.96"
"Botanas","GC","10","ID","40","91","1","637","133.96"
"Botanas","GC","9","DI","41","91","1","728","10"
"Botanas","GC","10","DI","41","91","1","728","10"
"Botanas","GC","9","ID","41","91","1","728","10"
"Botanas","GC","10","ID","41","91","1","728","10"
"Botanas","GC","9","ID","42","91","1","728","36.94"
"Botanas","GC","10","ID","42","91","1","728","36.94"
"Botanas","GC","10","DI","42","91","1","728","36.94"
"Botanas","GC","9","DI","42","91","1","728","36.94"
"Botanas","GC","10","ID","43","91","1","728","64.88"
"Botanas","GC","9","DI","43","91","1","728","64.88"
"Botanas","GC","9","ID","43","91","1","728","64.88"
"Botanas","GC","10","DI","43","91","1","728","64.88"
"Botanas","GC","10","ID","44","91","1","728","97.9"
"Botanas","GC","9","ID","44","91","1","728","97.9"
"Botanas","GC","9","DI","44","91","1","728","97.9"
"Botanas","GC","10","DI","44","91","1","728","97.9"
"Botanas","GC","9","ID","45","91","1","728","133.96"
"Botanas","GC","9","DI","45","91","1","728","133.96"
"Botanas","GC","10","DI","45","91","1","728","133.96"
"Botanas","GC","10","ID","45","91","1","728","133.96"
"Botanas","GC","10","ID","46","91","1","819","10"
"Botanas","GC","10","DI","46","91","1","819","10"
"Botanas","GC","10","DI","47","91","1","819","36.94"
"Botanas","GC","10","ID","47","91","1","819","36.94"
"Botanas","GC","10","DI","48","91","1","819","64.88"
"Botanas","GC","10","ID","48","91","1","819","64.88"
"Botanas","GC","10","DI","49","91","1","819","97.9"
"Botanas","GC","10","ID","49","91","1","819","97.9"
"Botanas","GC","10","DI","50","91","1","819","133.96"
"Botanas","GC","10","ID","50","91","1","819","133.96"
